-- phpMyAdmin SQL Dump
-- version 5.2.2
-- https://www.phpmyadmin.net/
--
-- Servidor: localhost:3306
-- Tiempo de generación: 02-03-2026 a las 11:06:36
-- Versión del servidor: 8.0.45
-- Versión de PHP: 8.3.30

SET SQL_MODE = "NO_AUTO_VALUE_ON_ZERO";
START TRANSACTION;
SET time_zone = "+00:00";


/*!40101 SET @OLD_CHARACTER_SET_CLIENT=@@CHARACTER_SET_CLIENT */;
/*!40101 SET @OLD_CHARACTER_SET_RESULTS=@@CHARACTER_SET_RESULTS */;
/*!40101 SET @OLD_COLLATION_CONNECTION=@@COLLATION_CONNECTION */;
/*!40101 SET NAMES utf8mb4 */;

--
-- Base de datos: `tjaechgob_constancias_tja`
--

-- --------------------------------------------------------

--
-- Estructura de tabla para la tabla `audit_logs`
--

CREATE TABLE `audit_logs` (
  `id` int NOT NULL,
  `user_id` int NOT NULL,
  `action` varchar(40) NOT NULL,
  `entity` varchar(60) NOT NULL,
  `entity_id` int NOT NULL,
  `ip` varchar(45) NOT NULL,
  `created_at` timestamp NULL DEFAULT CURRENT_TIMESTAMP
) ENGINE=InnoDB DEFAULT CHARSET=utf8mb4 COLLATE=utf8mb4_0900_ai_ci;

--
-- Volcado de datos para la tabla `audit_logs`
--

INSERT INTO `audit_logs` (`id`, `user_id`, `action`, `entity`, `entity_id`, `ip`, `created_at`) VALUES
(1, 1, 'LOGIN', 'users', 1, '187.251.233.236', '2026-01-21 23:14:58'),
(2, 1, 'UPDATE', 'participants', 1, '187.251.233.236', '2026-01-21 23:15:34'),
(3, 1, 'UPDATE', 'courses', 1, '187.251.233.236', '2026-01-21 23:15:45'),
(4, 1, 'STATUS', 'certificates', 1, '187.251.233.236', '2026-01-21 23:16:06'),
(5, 1, 'STATUS', 'certificates', 1, '187.251.233.236', '2026-01-21 23:16:07'),
(6, 1, 'CREATE', 'participants', 2, '187.251.233.236', '2026-01-21 23:16:45'),
(7, 1, 'ISSUE', 'certificates', 2, '187.251.233.236', '2026-01-21 23:16:58'),
(8, 1, 'LOGOUT', 'users', 1, '187.251.233.236', '2026-01-21 23:17:33'),
(9, 1, 'LOGIN', 'users', 1, '187.251.233.236', '2026-01-21 23:21:58'),
(10, 1, 'LOGIN', 'users', 1, '187.251.233.236', '2026-01-21 23:21:58'),
(11, 1, 'LOGOUT', 'users', 1, '200.68.172.146', '2026-01-21 23:22:43'),
(12, 1, 'LOGIN', 'users', 1, '200.68.172.146', '2026-01-21 23:40:13'),
(13, 1, 'LOGOUT', 'users', 1, '200.68.172.146', '2026-01-21 23:40:17'),
(14, 1, 'LOGIN', 'users', 1, '189.129.150.5', '2026-01-22 14:53:13'),
(15, 1, 'CREATE', 'users', 2, '189.129.150.5', '2026-01-22 14:55:29'),
(16, 1, 'LOGIN', 'users', 2, '189.129.150.5', '2026-01-22 14:55:54'),
(17, 1, 'CREATE', 'participants', 3, '189.129.150.5', '2026-01-22 14:56:48'),
(18, 1, 'ISSUE', 'certificates', 3, '189.129.150.5', '2026-01-22 14:57:09'),
(19, 1, 'STATUS', 'certificates', 3, '189.129.150.5', '2026-01-22 14:57:31'),
(20, 1, 'STATUS', 'certificates', 3, '189.129.150.5', '2026-01-22 14:57:45'),
(21, 1, 'LOGOUT', 'users', 2, '189.129.150.5', '2026-01-22 14:58:00'),
(22, 1, 'LOGIN', 'users', 1, '189.129.150.5', '2026-01-22 15:00:25'),
(23, 1, 'CREATE', 'users', 3, '189.129.150.5', '2026-01-22 15:00:49'),
(24, 1, 'LOGOUT', 'users', 1, '189.129.150.5', '2026-01-22 15:00:53'),
(25, 1, 'RESET_REQUEST', 'users', 3, '189.129.150.5', '2026-01-22 15:05:32'),
(26, 1, 'RESET_REQUEST', 'users', 3, '189.129.150.5', '2026-01-22 17:16:03'),
(27, 1, 'RESET_REQUEST', 'users', 3, '189.129.150.5', '2026-01-22 17:19:58'),
(28, 1, 'RESET_PASSWORD', 'users', 3, '189.129.150.5', '2026-01-22 17:20:40'),
(29, 1, 'LOGIN', 'users', 3, '189.129.150.5', '2026-01-22 17:21:00'),
(30, 1, 'LOGOUT', 'users', 3, '189.129.150.5', '2026-01-22 17:33:40'),
(31, 1, 'LOGIN', 'users', 3, '189.129.150.5', '2026-01-22 17:34:38'),
(32, 1, 'LOGOUT', 'users', 3, '189.129.150.5', '2026-01-22 17:43:16'),
(33, 1, 'LOGIN', 'users', 3, '189.129.150.5', '2026-01-22 17:57:09'),
(34, 1, 'LOGOUT', 'users', 3, '189.129.150.5', '2026-01-22 18:19:19'),
(35, 1, 'LOGIN', 'users', 3, '189.129.150.5', '2026-01-22 18:19:26'),
(36, 1, 'LOGOUT', 'users', 3, '189.129.150.5', '2026-01-22 18:59:28'),
(37, 1, 'LOGIN', 'users', 3, '189.129.150.5', '2026-01-22 18:59:37'),
(38, 1, 'LOGOUT', 'users', 3, '189.129.150.5', '2026-01-22 19:17:53'),
(39, 1, 'LOGIN', 'users', 3, '189.129.150.5', '2026-01-22 19:18:05'),
(40, 1, 'ISSUE', 'certificates', 4, '189.129.150.5', '2026-01-22 19:18:24'),
(41, 1, 'LOGIN', 'users', 3, '189.129.150.5', '2026-01-22 19:19:58'),
(42, 1, 'STATUS', 'certificates', 4, '189.129.150.5', '2026-01-22 19:20:05'),
(43, 1, 'DELETE', 'participants', 3, '189.129.150.5', '2026-01-22 19:28:58'),
(44, 1, 'ISSUE', 'certificates', 5, '189.129.150.5', '2026-01-22 19:31:03'),
(45, 1, 'ISSUE', 'certificates', 6, '189.129.150.5', '2026-01-22 19:36:19'),
(46, 1, 'DELETE', 'certificates', 6, '189.129.150.5', '2026-01-22 19:58:35'),
(47, 1, 'DELETE', 'certificates', 5, '189.129.150.5', '2026-01-22 19:58:39'),
(48, 1, 'DELETE', 'certificates', 4, '189.129.150.5', '2026-01-22 19:58:41'),
(49, 1, 'DELETE', 'certificates', 1, '189.129.150.5', '2026-01-22 19:58:44'),
(50, 1, 'DELETE', 'certificates', 2, '189.129.150.5', '2026-01-22 19:58:46'),
(51, 1, 'DELETE', 'participants', 2, '189.129.150.5', '2026-01-22 19:58:54'),
(52, 1, 'DELETE', 'participants', 1, '189.129.150.5', '2026-01-22 19:58:56'),
(53, 1, 'DELETE', 'courses', 1, '189.129.150.5', '2026-01-22 19:59:10'),
(54, 1, 'LOGIN', 'users', 3, '200.68.172.19', '2026-01-22 20:13:01'),
(55, 1, 'LOGIN', 'users', 3, '189.129.150.5', '2026-01-22 20:45:59'),
(56, 1, 'LOGOUT', 'users', 3, '189.129.150.5', '2026-01-22 20:46:24'),
(57, 1, 'LOGIN', 'users', 3, '189.129.150.5', '2026-01-22 21:37:59'),
(58, 1, 'LOGOUT', 'users', 3, '189.129.150.5', '2026-01-22 21:38:44'),
(59, 1, 'LOGIN', 'users', 3, '187.251.233.236', '2026-01-22 21:44:47'),
(60, 1, 'CREATE', 'users', 4, '187.251.233.236', '2026-01-22 21:46:21'),
(61, 1, 'CREATE', 'users', 5, '187.251.233.236', '2026-01-22 21:47:41'),
(62, 1, 'LOGOUT', 'users', 3, '187.251.233.236', '2026-01-22 21:47:49'),
(63, 1, 'RESET_REQUEST', 'users', 4, '187.251.233.236', '2026-01-22 21:49:39'),
(64, 1, 'RESET_PASSWORD', 'users', 4, '187.251.233.236', '2026-01-22 21:51:17'),
(65, 1, 'LOGIN', 'users', 4, '187.251.233.236', '2026-01-22 21:51:34'),
(66, 1, 'CREATE', 'courses', 2, '187.251.233.236', '2026-01-22 21:54:08'),
(67, 1, 'CREATE', 'participants', 4, '187.251.233.236', '2026-01-22 21:55:06'),
(68, 1, 'ISSUE', 'certificates', 7, '187.251.233.236', '2026-01-22 21:55:36'),
(69, 1, 'STATUS', 'certificates', 7, '187.251.233.236', '2026-01-22 21:56:29'),
(70, 1, 'DELETE', 'certificates', 7, '187.251.233.236', '2026-01-22 21:56:46'),
(71, 1, 'DELETE', 'participants', 4, '187.251.233.236', '2026-01-22 21:57:21'),
(72, 1, 'CREATE', 'participants', 5, '187.251.233.236', '2026-01-22 21:57:58'),
(73, 1, 'ISSUE', 'certificates', 8, '187.251.233.236', '2026-01-22 21:58:28'),
(74, 1, 'UPDATE', 'participants', 5, '187.251.233.236', '2026-01-22 21:59:09'),
(75, 1, 'DELETE', 'certificates', 8, '187.251.233.236', '2026-01-22 21:59:42'),
(76, 1, 'CREATE', 'courses', 3, '187.251.233.236', '2026-01-22 22:01:15'),
(77, 1, 'DELETE', 'participants', 5, '187.251.233.236', '2026-01-22 22:02:11'),
(78, 1, 'LOGOUT', 'users', 4, '187.251.233.236', '2026-01-22 22:02:31'),
(79, 1, 'LOGIN', 'users', 3, '189.129.150.5', '2026-01-22 22:10:17'),
(80, 1, 'LOGOUT', 'users', 3, '189.129.150.5', '2026-01-22 22:12:11'),
(81, 1, 'LOGIN', 'users', 3, '189.129.150.5', '2026-01-22 22:16:14'),
(82, 1, 'LOGIN', 'users', 3, '189.129.150.5', '2026-01-22 22:33:24'),
(83, 1, 'LOGOUT', 'users', 3, '189.129.150.5', '2026-01-22 22:33:26'),
(84, 1, 'RESET_REQUEST', 'users', 3, '189.129.150.5', '2026-01-22 22:33:34'),
(85, 1, 'RESET_REQUEST', 'users', 3, '189.129.150.5', '2026-01-22 23:01:01'),
(86, 1, 'RESET_REQUEST', 'users', 3, '189.129.150.5', '2026-01-22 23:06:06'),
(87, 1, 'RESET_REQUEST', 'users', 3, '189.129.150.5', '2026-01-22 23:07:57'),
(88, 1, 'LOGIN', 'users', 3, '189.129.150.5', '2026-01-22 23:10:50'),
(89, 1, 'LOGOUT', 'users', 3, '189.129.150.5', '2026-01-22 23:13:27'),
(90, 1, 'LOGIN', 'users', 1, '189.129.150.5', '2026-01-22 23:13:31'),
(91, 1, 'LOGOUT', 'users', 1, '189.129.150.5', '2026-01-22 23:13:33'),
(92, 1, 'RESET_REQUEST', 'users', 1, '189.129.150.5', '2026-01-22 23:13:43'),
(93, 1, 'RESET_REQUEST', 'users', 3, '189.129.150.5', '2026-01-22 23:18:23'),
(94, 1, 'LOGIN', 'users', 3, '189.129.150.5', '2026-01-22 23:19:27'),
(95, 1, 'LOGOUT', 'users', 3, '189.129.150.5', '2026-01-22 23:24:31'),
(96, 1, 'LOGIN', 'users', 3, '189.129.150.5', '2026-01-22 23:24:32'),
(97, 1, 'DELETE', 'users', 5, '189.129.150.5', '2026-01-22 23:28:41'),
(98, 1, 'STATUS', 'users', 4, '189.129.150.5', '2026-01-22 23:29:20'),
(99, 1, 'UPDATE', 'users', 4, '189.129.150.5', '2026-01-22 23:43:55'),
(100, 1, 'LOGIN', 'users', 3, '189.129.150.5', '2026-01-22 23:46:06'),
(101, 1, 'CREATE', 'users', 6, '189.129.150.5', '2026-01-23 00:01:43'),
(102, 1, 'DELETE', 'users', 6, '189.129.150.5', '2026-01-23 00:01:48'),
(103, 1, 'DELETE', 'courses', 3, '189.129.150.5', '2026-01-23 00:02:53'),
(104, 1, 'DELETE', 'courses', 2, '189.129.150.5', '2026-01-23 00:02:55'),
(105, 1, 'LOGOUT', 'users', 3, '189.129.150.5', '2026-01-23 00:15:03'),
(106, 1, 'LOGIN', 'users', 3, '189.129.150.5', '2026-01-23 00:18:54'),
(107, 1, 'CREATE', 'users', 7, '189.129.150.5', '2026-01-23 00:21:40'),
(108, 1, 'LOGOUT', 'users', 3, '189.129.150.5', '2026-01-23 00:21:42'),
(109, 1, 'LOGIN', 'users', 7, '189.129.150.5', '2026-01-23 00:21:49'),
(110, 1, 'CREATE', 'participants', 6, '189.129.150.5', '2026-01-23 00:22:03'),
(111, 1, 'CREATE', 'courses', 4, '189.129.150.5', '2026-01-23 00:22:33'),
(112, 1, 'ISSUE', 'certificates', 9, '189.129.150.5', '2026-01-23 00:22:42'),
(113, 1, 'LOGOUT', 'users', 7, '189.129.150.5', '2026-01-23 00:23:17'),
(114, 1, 'LOGIN', 'users', 3, '189.129.150.5', '2026-01-23 00:23:19'),
(115, 1, 'STATUS', 'users', 7, '189.129.150.5', '2026-01-23 00:23:27'),
(116, 1, 'STATUS', 'users', 7, '189.129.150.5', '2026-01-23 00:23:28'),
(117, 1, 'DELETE_FORCE', 'users', 7, '189.129.150.5', '2026-01-23 00:24:09'),
(118, 1, 'DELETE', 'certificates', 9, '189.129.150.5', '2026-01-23 00:24:29'),
(119, 1, 'DELETE', 'participants', 6, '189.129.150.5', '2026-01-23 00:24:35'),
(120, 1, 'DELETE', 'courses', 4, '189.129.150.5', '2026-01-23 00:24:39'),
(121, 1, 'LOGOUT', 'users', 3, '189.129.150.5', '2026-01-23 00:24:43'),
(122, 1, 'LOGIN', 'users', 3, '189.129.150.5', '2026-01-23 14:51:59'),
(123, 1, 'LOGOUT', 'users', 3, '189.129.150.5', '2026-01-23 14:55:45'),
(124, 1, 'RESET_REQUEST', 'users', 3, '189.129.150.5', '2026-01-23 14:56:23'),
(125, 1, 'LOGIN', 'users', 3, '189.129.150.5', '2026-01-23 14:57:05'),
(126, 1, 'LOGOUT', 'users', 3, '189.129.150.5', '2026-01-23 14:57:24'),
(127, 1, 'LOGIN', 'users', 3, '189.129.150.5', '2026-01-26 19:36:56'),
(128, 1, 'CREATE', 'participants', 7, '189.129.150.5', '2026-01-26 19:38:28'),
(129, 1, 'UPDATE', 'participants', 7, '189.129.150.5', '2026-01-26 19:38:50'),
(130, 1, 'UPDATE', 'participants', 7, '189.129.150.5', '2026-01-26 19:39:13'),
(131, 1, 'UPDATE', 'participants', 7, '189.129.150.5', '2026-01-26 19:39:29'),
(132, 1, 'CREATE', 'participants', 8, '189.129.150.5', '2026-01-26 19:39:44'),
(133, 1, 'UPDATE', 'participants', 8, '189.129.150.5', '2026-01-26 19:39:53'),
(134, 1, 'UPDATE', 'participants', 8, '189.129.150.5', '2026-01-26 19:40:06'),
(135, 1, 'CREATE', 'courses', 5, '189.129.150.5', '2026-01-26 19:41:37'),
(136, 1, 'ISSUE', 'certificates', 10, '189.129.150.5', '2026-01-26 19:42:18'),
(137, 1, 'STATUS', 'certificates', 10, '189.129.150.5', '2026-01-26 19:43:35'),
(138, 1, 'DELETE', 'certificates', 10, '189.129.150.5', '2026-01-26 19:43:46'),
(139, 1, 'ISSUE', 'certificates', 11, '189.129.150.5', '2026-01-26 19:44:49'),
(140, 1, 'CREATE', 'participants', 9, '189.129.150.5', '2026-01-26 19:45:22'),
(141, 1, 'UPDATE', 'participants', 9, '189.129.150.5', '2026-01-26 19:45:34'),
(142, 1, 'UPDATE', 'participants', 9, '189.129.150.5', '2026-01-26 19:45:47'),
(143, 1, 'ISSUE', 'certificates', 12, '189.129.150.5', '2026-01-26 19:46:01'),
(144, 1, 'ISSUE', 'certificates', 13, '189.129.150.5', '2026-01-26 19:46:08'),
(145, 1, 'LOGOUT', 'users', 3, '189.129.150.5', '2026-01-26 19:46:20'),
(146, 1, 'RESET_REQUEST', 'users', 3, '189.129.150.5', '2026-01-26 19:46:29'),
(147, 1, 'LOGIN', 'users', 3, '189.129.150.5', '2026-01-26 19:47:20'),
(148, 1, 'CREATE', 'participants', 10, '189.129.150.5', '2026-01-26 19:48:26'),
(149, 1, 'CREATE', 'participants', 11, '189.129.150.5', '2026-01-26 19:48:30'),
(150, 1, 'CREATE', 'participants', 12, '189.129.150.5', '2026-01-26 19:48:35'),
(151, 1, 'CREATE', 'participants', 13, '189.129.150.5', '2026-01-26 19:48:47'),
(152, 1, 'CREATE', 'participants', 14, '189.129.150.5', '2026-01-26 19:48:54'),
(153, 1, 'CREATE', 'courses', 6, '189.129.150.5', '2026-01-26 19:49:58'),
(154, 1, 'ISSUE', 'certificates', 14, '189.129.150.5', '2026-01-26 19:50:10'),
(155, 1, 'STATUS', 'certificates', 14, '189.129.150.5', '2026-01-26 19:50:22'),
(156, 1, 'UPDATE', 'users', 2, '189.129.150.5', '2026-01-26 19:51:34'),
(157, 1, 'LOGOUT', 'users', 3, '189.129.150.5', '2026-01-26 19:53:28'),
(158, 1, 'LOGIN', 'users', 3, '189.129.150.5', '2026-01-26 21:57:45'),
(159, 1, 'CREATE', 'courses', 7, '189.129.150.5', '2026-01-26 21:58:48'),
(160, 1, 'CREATE', 'participants', 15, '189.129.150.5', '2026-01-26 22:00:19'),
(161, 1, 'ISSUE', 'certificates', 15, '189.129.150.5', '2026-01-26 22:01:12'),
(162, 1, 'STATUS', 'certificates', 15, '189.129.150.5', '2026-01-26 22:02:22'),
(163, 1, 'LOGOUT', 'users', 3, '189.129.150.5', '2026-01-26 22:12:04'),
(164, 1, 'RESET_REQUEST', 'users', 3, '189.129.150.5', '2026-01-26 22:12:48'),
(165, 1, 'LOGIN', 'users', 3, '189.129.150.5', '2026-01-26 22:32:52'),
(166, 1, 'DELETE', 'certificates', 15, '189.129.150.5', '2026-01-26 22:33:00'),
(167, 1, 'DELETE', 'certificates', 14, '189.129.150.5', '2026-01-26 22:33:03'),
(168, 1, 'DELETE', 'courses', 6, '189.129.150.5', '2026-01-26 22:33:22'),
(169, 1, 'DELETE', 'participants', 15, '189.129.150.5', '2026-01-26 22:33:28'),
(170, 1, 'DELETE', 'participants', 14, '189.129.150.5', '2026-01-26 22:33:30'),
(171, 1, 'DELETE', 'participants', 13, '189.129.150.5', '2026-01-26 22:33:32'),
(172, 1, 'DELETE', 'participants', 12, '189.129.150.5', '2026-01-26 22:33:34'),
(173, 1, 'DELETE', 'participants', 11, '189.129.150.5', '2026-01-26 22:33:41'),
(174, 1, 'DELETE', 'participants', 10, '189.129.150.5', '2026-01-26 22:33:43'),
(175, 1, 'LOGOUT', 'users', 3, '189.129.150.5', '2026-01-26 22:34:07'),
(176, 1, 'LOGIN', 'users', 3, '187.251.233.236', '2026-01-27 21:48:58'),
(177, 1, 'LOGOUT', 'users', 3, '187.251.233.236', '2026-01-27 21:50:55'),
(178, 1, 'LOGIN', 'users', 3, '187.251.233.236', '2026-01-27 21:51:09'),
(179, 1, 'DELETE', 'participants', 9, '187.251.233.236', '2026-01-27 21:51:28'),
(180, 1, 'DELETE', 'participants', 8, '187.251.233.236', '2026-01-27 21:51:31'),
(181, 1, 'DELETE', 'participants', 7, '187.251.233.236', '2026-01-27 21:51:33'),
(182, 1, 'LOGOUT', 'users', 3, '187.251.233.236', '2026-01-27 21:51:54'),
(183, 1, 'LOGIN', 'users', 3, '187.251.233.236', '2026-01-27 21:52:52'),
(184, 1, 'CREATE', 'participants', 16, '187.251.233.236', '2026-01-27 21:53:08'),
(185, 1, 'CREATE', 'participants', 17, '187.251.233.236', '2026-01-27 21:53:19'),
(186, 1, 'CREATE', 'participants', 18, '187.251.233.236', '2026-01-27 21:53:31'),
(187, 1, 'CREATE', 'participants', 19, '187.251.233.236', '2026-01-27 21:53:45'),
(188, 1, 'ISSUE', 'certificates', 16, '187.251.233.236', '2026-01-27 21:53:57'),
(189, 1, 'DELETE', 'certificates', 16, '187.251.233.236', '2026-01-27 21:54:42'),
(190, 1, 'DELETE', 'participants', 19, '187.251.233.236', '2026-01-27 21:54:46'),
(191, 1, 'DELETE', 'participants', 18, '187.251.233.236', '2026-01-27 21:54:48'),
(192, 1, 'DELETE', 'participants', 17, '187.251.233.236', '2026-01-27 21:54:49'),
(193, 1, 'DELETE', 'participants', 16, '187.251.233.236', '2026-01-27 21:54:51'),
(194, 1, 'CREATE', 'users', 8, '187.251.233.236', '2026-01-27 21:57:08'),
(195, 1, 'CREATE', 'users', 9, '187.251.233.236', '2026-01-27 21:58:48'),
(196, 1, 'CREATE', 'users', 10, '187.251.233.236', '2026-01-27 22:00:17'),
(197, 1, 'UPDATE', 'users', 1, '187.251.233.236', '2026-01-27 22:00:51'),
(198, 1, 'DELETE_FORCE', 'users', 2, '187.251.233.236', '2026-01-27 22:01:09'),
(199, 1, 'LOGOUT', 'users', 3, '187.251.233.236', '2026-01-27 22:01:11'),
(200, 1, 'LOGIN', 'users', 1, '187.251.233.236', '2026-01-27 22:02:18'),
(201, 8, 'LOGIN', 'users', 8, '189.129.150.5', '2026-01-27 22:02:25'),
(202, 1, 'DELETE_FORCE', 'users', 3, '187.251.233.236', '2026-01-27 22:02:33'),
(203, 10, 'LOGIN', 'users', 10, '187.251.233.236', '2026-01-27 22:03:50'),
(204, 1, 'LOGOUT', 'users', 1, '187.251.233.236', '2026-01-27 22:07:44'),
(205, 1, 'LOGIN', 'users', 1, '2806:2f0:81a0:c554:7497:35ca:b06a:319f', '2026-01-28 05:11:11'),
(206, 1, 'LOGOUT', 'users', 1, '2806:2f0:81a0:c554:7497:35ca:b06a:319f', '2026-01-28 05:11:52'),
(207, 10, 'LOGIN', 'users', 10, '187.251.233.236', '2026-01-28 14:42:34'),
(208, 10, 'UPDATE', 'courses', 5, '187.251.233.236', '2026-01-28 14:44:09'),
(209, 10, 'CREATE', 'participants', 20, '187.251.233.236', '2026-01-28 14:45:10'),
(210, 10, 'CREATE', 'participants', 21, '187.251.233.236', '2026-01-28 14:45:28'),
(211, 10, 'ISSUE', 'certificates', 17, '187.251.233.236', '2026-01-28 14:46:00'),
(212, 10, 'ISSUE', 'certificates', 18, '187.251.233.236', '2026-01-28 15:05:25'),
(213, 10, 'CREATE', 'participants', 22, '187.251.233.236', '2026-01-28 15:06:54'),
(214, 10, 'CREATE', 'participants', 23, '187.251.233.236', '2026-01-28 15:07:59'),
(215, 10, 'CREATE', 'participants', 24, '187.251.233.236', '2026-01-28 15:30:15'),
(216, 10, 'CREATE', 'participants', 25, '187.251.233.236', '2026-01-28 15:30:55'),
(217, 10, 'CREATE', 'participants', 26, '187.251.233.236', '2026-01-28 15:31:22'),
(218, 10, 'CREATE', 'participants', 27, '187.251.233.236', '2026-01-28 15:31:38'),
(219, 10, 'CREATE', 'participants', 28, '187.251.233.236', '2026-01-28 15:32:05'),
(220, 10, 'CREATE', 'participants', 29, '187.251.233.236', '2026-01-28 15:32:40'),
(221, 10, 'CREATE', 'participants', 30, '187.251.233.236', '2026-01-28 15:34:45'),
(222, 10, 'CREATE', 'participants', 31, '187.251.233.236', '2026-01-28 15:35:07'),
(223, 10, 'CREATE', 'participants', 32, '187.251.233.236', '2026-01-28 15:35:27'),
(224, 10, 'CREATE', 'participants', 33, '187.251.233.236', '2026-01-28 15:43:49'),
(225, 10, 'CREATE', 'participants', 34, '187.251.233.236', '2026-01-28 15:44:03'),
(226, 10, 'CREATE', 'participants', 35, '187.251.233.236', '2026-01-28 15:44:19'),
(227, 10, 'CREATE', 'participants', 36, '187.251.233.236', '2026-01-28 15:44:35'),
(228, 10, 'UPDATE', 'participants', 36, '187.251.233.236', '2026-01-28 15:44:40'),
(229, 10, 'UPDATE', 'participants', 36, '187.251.233.236', '2026-01-28 15:44:51'),
(230, 10, 'UPDATE', 'participants', 36, '187.251.233.236', '2026-01-28 15:45:18'),
(231, 10, 'UPDATE', 'participants', 36, '187.251.233.236', '2026-01-28 15:45:33'),
(232, 10, 'UPDATE', 'participants', 36, '187.251.233.236', '2026-01-28 15:45:46'),
(233, 10, 'UPDATE', 'participants', 36, '187.251.233.236', '2026-01-28 15:46:00'),
(234, 10, 'UPDATE', 'participants', 36, '187.251.233.236', '2026-01-28 15:46:13'),
(235, 10, 'UPDATE', 'participants', 36, '187.251.233.236', '2026-01-28 15:46:26'),
(236, 10, 'UPDATE', 'participants', 36, '187.251.233.236', '2026-01-28 15:46:42'),
(237, 10, 'UPDATE', 'participants', 36, '187.251.233.236', '2026-01-28 15:46:55'),
(238, 10, 'UPDATE', 'participants', 36, '187.251.233.236', '2026-01-28 15:47:10'),
(239, 10, 'UPDATE', 'participants', 36, '187.251.233.236', '2026-01-28 15:47:25'),
(240, 10, 'UPDATE', 'participants', 36, '187.251.233.236', '2026-01-28 15:47:36'),
(241, 10, 'UPDATE', 'participants', 36, '187.251.233.236', '2026-01-28 15:47:43'),
(242, 10, 'UPDATE', 'participants', 36, '187.251.233.236', '2026-01-28 15:47:57'),
(243, 10, 'UPDATE', 'participants', 36, '187.251.233.236', '2026-01-28 15:59:53'),
(244, 10, 'UPDATE', 'participants', 36, '187.251.233.236', '2026-01-28 16:00:23'),
(245, 10, 'UPDATE', 'participants', 36, '187.251.233.236', '2026-01-28 16:00:39'),
(246, 10, 'UPDATE', 'participants', 36, '187.251.233.236', '2026-01-28 16:00:52'),
(247, 10, 'UPDATE', 'participants', 36, '187.251.233.236', '2026-01-28 16:01:04'),
(248, 10, 'UPDATE', 'participants', 36, '187.251.233.236', '2026-01-28 16:04:57'),
(249, 10, 'UPDATE', 'participants', 36, '187.251.233.236', '2026-01-28 16:05:12'),
(250, 10, 'UPDATE', 'participants', 36, '187.251.233.236', '2026-01-28 16:05:23'),
(251, 10, 'UPDATE', 'participants', 36, '187.251.233.236', '2026-01-28 16:05:34'),
(252, 10, 'UPDATE', 'participants', 36, '187.251.233.236', '2026-01-28 16:05:49'),
(253, 10, 'UPDATE', 'participants', 36, '187.251.233.236', '2026-01-28 16:05:59'),
(254, 10, 'UPDATE', 'participants', 36, '187.251.233.236', '2026-01-28 16:06:42'),
(255, 10, 'UPDATE', 'participants', 36, '187.251.233.236', '2026-01-28 16:06:57'),
(256, 10, 'UPDATE', 'participants', 36, '187.251.233.236', '2026-01-28 16:07:09'),
(257, 10, 'UPDATE', 'participants', 36, '187.251.233.236', '2026-01-28 16:07:22'),
(258, 10, 'UPDATE', 'participants', 36, '187.251.233.236', '2026-01-28 16:07:34'),
(259, 10, 'UPDATE', 'participants', 36, '187.251.233.236', '2026-01-28 16:08:42'),
(260, 10, 'UPDATE', 'participants', 36, '187.251.233.236', '2026-01-28 16:08:56'),
(261, 10, 'UPDATE', 'participants', 36, '187.251.233.236', '2026-01-28 16:09:08'),
(262, 10, 'UPDATE', 'participants', 36, '187.251.233.236', '2026-01-28 16:09:18'),
(263, 10, 'UPDATE', 'participants', 36, '187.251.233.236', '2026-01-28 16:09:34'),
(264, 10, 'UPDATE', 'participants', 36, '187.251.233.236', '2026-01-28 16:09:46'),
(265, 10, 'CREATE', 'participants', 37, '187.251.233.236', '2026-01-28 16:13:05'),
(266, 10, 'CREATE', 'participants', 38, '187.251.233.236', '2026-01-28 16:15:47'),
(267, 10, 'CREATE', 'participants', 39, '187.251.233.236', '2026-01-28 16:16:45'),
(268, 10, 'CREATE', 'participants', 40, '187.251.233.236', '2026-01-28 16:17:00'),
(269, 10, 'CREATE', 'participants', 41, '187.251.233.236', '2026-01-28 16:17:09'),
(270, 10, 'CREATE', 'participants', 42, '187.251.233.236', '2026-01-28 16:17:22'),
(271, 10, 'CREATE', 'participants', 43, '187.251.233.236', '2026-01-28 16:17:52'),
(272, 10, 'CREATE', 'participants', 44, '187.251.233.236', '2026-01-28 16:18:02'),
(273, 10, 'CREATE', 'participants', 45, '187.251.233.236', '2026-01-28 16:18:14'),
(274, 10, 'CREATE', 'participants', 46, '187.251.233.236', '2026-01-28 16:18:24'),
(275, 10, 'CREATE', 'participants', 47, '187.251.233.236', '2026-01-28 16:18:34'),
(276, 10, 'CREATE', 'participants', 48, '187.251.233.236', '2026-01-28 16:18:43'),
(277, 10, 'CREATE', 'participants', 49, '187.251.233.236', '2026-01-28 16:18:51'),
(278, 10, 'CREATE', 'participants', 50, '187.251.233.236', '2026-01-28 16:18:59'),
(279, 10, 'CREATE', 'participants', 51, '187.251.233.236', '2026-01-28 16:19:08'),
(280, 10, 'CREATE', 'participants', 52, '187.251.233.236', '2026-01-28 16:19:54'),
(281, 10, 'CREATE', 'participants', 53, '187.251.233.236', '2026-01-28 16:20:02'),
(282, 10, 'CREATE', 'participants', 54, '187.251.233.236', '2026-01-28 16:20:10'),
(283, 10, 'CREATE', 'participants', 55, '187.251.233.236', '2026-01-28 16:20:19'),
(284, 10, 'CREATE', 'participants', 56, '187.251.233.236', '2026-01-28 16:20:30'),
(285, 10, 'CREATE', 'participants', 57, '187.251.233.236', '2026-01-28 16:20:37'),
(286, 10, 'CREATE', 'participants', 58, '187.251.233.236', '2026-01-28 16:20:46'),
(287, 10, 'CREATE', 'participants', 59, '187.251.233.236', '2026-01-28 16:20:54'),
(288, 10, 'CREATE', 'participants', 60, '187.251.233.236', '2026-01-28 16:21:02'),
(289, 10, 'CREATE', 'participants', 61, '187.251.233.236', '2026-01-28 16:21:09'),
(290, 10, 'CREATE', 'participants', 62, '187.251.233.236', '2026-01-28 16:21:16'),
(291, 10, 'CREATE', 'participants', 63, '187.251.233.236', '2026-01-28 16:21:23'),
(292, 10, 'CREATE', 'participants', 64, '187.251.233.236', '2026-01-28 16:21:30'),
(293, 10, 'CREATE', 'participants', 65, '187.251.233.236', '2026-01-28 16:21:36'),
(294, 10, 'CREATE', 'participants', 66, '187.251.233.236', '2026-01-28 16:21:43'),
(295, 10, 'CREATE', 'participants', 67, '187.251.233.236', '2026-01-28 16:21:49'),
(296, 10, 'UPDATE', 'participants', 67, '187.251.233.236', '2026-01-28 16:21:53'),
(297, 10, 'UPDATE', 'participants', 67, '187.251.233.236', '2026-01-28 16:22:03'),
(298, 10, 'UPDATE', 'participants', 67, '187.251.233.236', '2026-01-28 16:22:11'),
(299, 10, 'UPDATE', 'participants', 67, '187.251.233.236', '2026-01-28 16:22:17'),
(300, 10, 'UPDATE', 'participants', 67, '187.251.233.236', '2026-01-28 16:22:23'),
(301, 10, 'UPDATE', 'participants', 67, '187.251.233.236', '2026-01-28 16:22:30'),
(302, 10, 'CREATE', 'participants', 68, '187.251.233.236', '2026-01-28 16:23:29'),
(303, 10, 'CREATE', 'participants', 69, '187.251.233.236', '2026-01-28 16:23:37'),
(304, 10, 'CREATE', 'participants', 70, '187.251.233.236', '2026-01-28 16:23:47'),
(305, 10, 'CREATE', 'participants', 71, '187.251.233.236', '2026-01-28 16:23:54'),
(306, 10, 'CREATE', 'participants', 72, '187.251.233.236', '2026-01-28 16:24:02'),
(307, 10, 'DELETE', 'participants', 36, '187.251.233.236', '2026-01-28 16:24:11'),
(308, 10, 'ISSUE', 'certificates', 19, '187.251.233.236', '2026-01-28 16:27:22'),
(309, 1, 'LOGIN', 'users', 1, '187.251.233.236', '2026-01-28 16:27:57'),
(310, 10, 'ISSUE', 'certificates', 20, '187.251.233.236', '2026-01-28 16:28:11'),
(311, 1, 'LOGOUT', 'users', 1, '187.251.233.236', '2026-01-28 16:29:29'),
(312, 10, 'ISSUE', 'certificates', 21, '187.251.233.236', '2026-01-28 16:39:40'),
(313, 10, 'ISSUE', 'certificates', 22, '187.251.233.236', '2026-01-28 16:40:00'),
(314, 10, 'ISSUE', 'certificates', 23, '187.251.233.236', '2026-01-28 16:40:15'),
(315, 10, 'ISSUE', 'certificates', 24, '187.251.233.236', '2026-01-28 16:40:32'),
(316, 10, 'ISSUE', 'certificates', 25, '187.251.233.236', '2026-01-28 16:40:45'),
(317, 10, 'ISSUE', 'certificates', 26, '187.251.233.236', '2026-01-28 16:41:22'),
(318, 10, 'ISSUE', 'certificates', 27, '187.251.233.236', '2026-01-28 16:42:17'),
(319, 10, 'ISSUE', 'certificates', 28, '187.251.233.236', '2026-01-28 16:42:34'),
(320, 10, 'ISSUE', 'certificates', 29, '187.251.233.236', '2026-01-28 16:42:46'),
(321, 10, 'ISSUE', 'certificates', 30, '187.251.233.236', '2026-01-28 16:42:59'),
(322, 10, 'ISSUE', 'certificates', 31, '187.251.233.236', '2026-01-28 16:43:16'),
(323, 10, 'ISSUE', 'certificates', 32, '187.251.233.236', '2026-01-28 16:44:17'),
(324, 10, 'ISSUE', 'certificates', 33, '187.251.233.236', '2026-01-28 16:44:32'),
(325, 10, 'ISSUE', 'certificates', 34, '187.251.233.236', '2026-01-28 16:44:47'),
(326, 10, 'ISSUE', 'certificates', 35, '187.251.233.236', '2026-01-28 16:44:59'),
(327, 10, 'ISSUE', 'certificates', 36, '187.251.233.236', '2026-01-28 16:45:24'),
(328, 10, 'ISSUE', 'certificates', 37, '187.251.233.236', '2026-01-28 16:45:36'),
(329, 10, 'ISSUE', 'certificates', 38, '187.251.233.236', '2026-01-28 16:45:46'),
(330, 10, 'ISSUE', 'certificates', 39, '187.251.233.236', '2026-01-28 16:45:58'),
(331, 10, 'ISSUE', 'certificates', 40, '187.251.233.236', '2026-01-28 16:46:16'),
(332, 10, 'ISSUE', 'certificates', 41, '187.251.233.236', '2026-01-28 16:46:31'),
(333, 10, 'ISSUE', 'certificates', 42, '187.251.233.236', '2026-01-28 16:46:44'),
(334, 10, 'ISSUE', 'certificates', 43, '187.251.233.236', '2026-01-28 16:47:03'),
(335, 10, 'ISSUE', 'certificates', 44, '187.251.233.236', '2026-01-28 16:47:21'),
(336, 10, 'ISSUE', 'certificates', 45, '187.251.233.236', '2026-01-28 16:47:34'),
(337, 10, 'ISSUE', 'certificates', 46, '187.251.233.236', '2026-01-28 16:47:48'),
(338, 10, 'ISSUE', 'certificates', 47, '187.251.233.236', '2026-01-28 16:48:06'),
(339, 10, 'ISSUE', 'certificates', 48, '187.251.233.236', '2026-01-28 16:48:54'),
(340, 10, 'ISSUE', 'certificates', 49, '187.251.233.236', '2026-01-28 16:49:16'),
(341, 10, 'ISSUE', 'certificates', 50, '187.251.233.236', '2026-01-28 16:50:18'),
(342, 10, 'ISSUE', 'certificates', 51, '187.251.233.236', '2026-01-28 16:50:35'),
(343, 10, 'ISSUE', 'certificates', 52, '187.251.233.236', '2026-01-28 16:50:52'),
(344, 10, 'ISSUE', 'certificates', 53, '187.251.233.236', '2026-01-28 16:51:06'),
(345, 10, 'ISSUE', 'certificates', 54, '187.251.233.236', '2026-01-28 16:51:28'),
(346, 10, 'ISSUE', 'certificates', 55, '187.251.233.236', '2026-01-28 16:51:41'),
(347, 10, 'ISSUE', 'certificates', 56, '187.251.233.236', '2026-01-28 16:51:50'),
(348, 10, 'ISSUE', 'certificates', 57, '187.251.233.236', '2026-01-28 16:52:00'),
(349, 10, 'ISSUE', 'certificates', 58, '187.251.233.236', '2026-01-28 16:52:14'),
(350, 10, 'ISSUE', 'certificates', 59, '187.251.233.236', '2026-01-28 16:52:27'),
(351, 10, 'ISSUE', 'certificates', 60, '187.251.233.236', '2026-01-28 16:52:37'),
(352, 10, 'ISSUE', 'certificates', 61, '187.251.233.236', '2026-01-28 16:52:46'),
(353, 10, 'ISSUE', 'certificates', 62, '187.251.233.236', '2026-01-28 16:52:58'),
(354, 10, 'ISSUE', 'certificates', 63, '187.251.233.236', '2026-01-28 16:53:10'),
(355, 10, 'ISSUE', 'certificates', 64, '187.251.233.236', '2026-01-28 16:53:28'),
(356, 10, 'ISSUE', 'certificates', 65, '187.251.233.236', '2026-01-28 16:53:41'),
(357, 10, 'ISSUE', 'certificates', 66, '187.251.233.236', '2026-01-28 16:53:53'),
(358, 10, 'ISSUE', 'certificates', 67, '187.251.233.236', '2026-01-28 16:54:04'),
(359, 10, 'ISSUE', 'certificates', 68, '187.251.233.236', '2026-01-28 16:54:17'),
(360, 1, 'LOGIN', 'users', 1, '187.251.233.236', '2026-01-28 18:36:15'),
(361, 10, 'LOGIN', 'users', 10, '187.251.233.236', '2026-01-29 15:37:25'),
(362, 1, 'LOGIN', 'users', 1, '189.129.150.5', '2026-01-29 15:46:13'),
(363, 10, 'LOGIN', 'users', 10, '187.251.233.236', '2026-01-29 16:30:26'),
(364, 1, 'LOGIN', 'users', 1, '189.129.150.5', '2026-01-29 17:29:38'),
(365, 1, 'LOGIN', 'users', 1, '189.129.150.5', '2026-01-29 19:07:54'),
(366, 10, 'LOGIN', 'users', 10, '187.251.233.236', '2026-02-03 14:42:34'),
(367, 1, 'LOGIN', 'users', 1, '187.251.233.236', '2026-02-03 16:18:41'),
(368, 1, 'CREATE', 'participants', 73, '187.251.233.236', '2026-02-03 16:18:59'),
(369, 1, 'LOGIN', 'users', 1, '187.251.233.236', '2026-02-03 16:29:43'),
(370, 10, 'LOGIN', 'users', 10, '187.251.233.236', '2026-02-03 16:31:17'),
(371, 1, 'CREATE', 'participants', 74, '187.251.233.236', '2026-02-03 16:58:36'),
(372, 1, 'DELETE', 'participants', 74, '187.251.233.236', '2026-02-03 16:58:41'),
(373, 1, 'LOGOUT', 'users', 1, '187.251.233.236', '2026-02-03 16:59:01'),
(374, 10, 'LOGIN', 'users', 10, '189.129.150.5', '2026-02-05 20:55:01'),
(375, 10, 'CREATE', 'participants', 75, '189.129.150.5', '2026-02-05 20:55:28'),
(376, 10, 'CREATE', 'participants', 76, '189.129.150.5', '2026-02-05 20:55:52'),
(377, 10, 'CREATE', 'participants', 77, '189.129.150.5', '2026-02-05 20:56:03'),
(378, 10, 'CREATE', 'participants', 78, '189.129.150.5', '2026-02-05 20:56:16'),
(379, 10, 'CREATE', 'participants', 79, '189.129.150.5', '2026-02-05 20:56:31'),
(380, 10, 'CREATE', 'participants', 80, '189.129.150.5', '2026-02-05 20:56:42'),
(381, 10, 'CREATE', 'participants', 81, '189.129.150.5', '2026-02-05 20:56:52'),
(382, 10, 'CREATE', 'participants', 82, '189.129.150.5', '2026-02-05 20:57:05'),
(383, 10, 'CREATE', 'participants', 83, '189.129.150.5', '2026-02-05 20:57:30'),
(384, 10, 'CREATE', 'participants', 84, '189.129.150.5', '2026-02-05 20:57:46'),
(385, 10, 'CREATE', 'participants', 85, '189.129.150.5', '2026-02-05 20:59:38'),
(386, 10, 'CREATE', 'participants', 86, '189.129.150.5', '2026-02-05 21:00:12'),
(387, 10, 'CREATE', 'participants', 87, '189.129.150.5', '2026-02-05 21:00:25'),
(388, 10, 'CREATE', 'participants', 88, '189.129.150.5', '2026-02-05 21:01:04'),
(389, 10, 'CREATE', 'participants', 89, '189.129.150.5', '2026-02-05 21:01:17'),
(390, 10, 'CREATE', 'participants', 90, '189.129.150.5', '2026-02-05 21:02:11'),
(391, 10, 'CREATE', 'participants', 91, '189.129.150.5', '2026-02-05 21:02:26'),
(392, 10, 'CREATE', 'participants', 92, '189.129.150.5', '2026-02-05 21:02:34'),
(393, 10, 'CREATE', 'participants', 93, '189.129.150.5', '2026-02-05 21:02:41'),
(394, 10, 'CREATE', 'participants', 94, '189.129.150.5', '2026-02-05 21:02:49'),
(395, 10, 'CREATE', 'participants', 95, '189.129.150.5', '2026-02-05 21:03:02'),
(396, 10, 'CREATE', 'participants', 96, '189.129.150.5', '2026-02-05 21:03:09'),
(397, 10, 'UPDATE', 'participants', 96, '189.129.150.5', '2026-02-05 21:03:15'),
(398, 10, 'UPDATE', 'participants', 96, '189.129.150.5', '2026-02-05 21:03:25'),
(399, 10, 'UPDATE', 'participants', 96, '189.129.150.5', '2026-02-05 21:05:23'),
(400, 10, 'UPDATE', 'participants', 96, '189.129.150.5', '2026-02-05 21:05:42'),
(401, 10, 'UPDATE', 'participants', 96, '189.129.150.5', '2026-02-05 21:06:20'),
(402, 10, 'UPDATE', 'participants', 96, '189.129.150.5', '2026-02-05 21:06:29'),
(403, 10, 'UPDATE', 'participants', 96, '189.129.150.5', '2026-02-05 21:06:36'),
(404, 10, 'UPDATE', 'participants', 96, '189.129.150.5', '2026-02-05 21:06:43'),
(405, 10, 'UPDATE', 'participants', 96, '189.129.150.5', '2026-02-05 21:11:19'),
(406, 10, 'UPDATE', 'participants', 96, '189.129.150.5', '2026-02-05 21:14:07'),
(407, 10, 'UPDATE', 'participants', 96, '189.129.150.5', '2026-02-05 21:14:16'),
(408, 10, 'UPDATE', 'participants', 96, '189.129.150.5', '2026-02-05 21:14:23'),
(409, 10, 'UPDATE', 'participants', 96, '189.129.150.5', '2026-02-05 21:14:31'),
(410, 10, 'UPDATE', 'participants', 96, '189.129.150.5', '2026-02-05 21:14:35'),
(411, 10, 'UPDATE', 'participants', 96, '189.129.150.5', '2026-02-05 21:14:43'),
(412, 10, 'UPDATE', 'participants', 96, '189.129.150.5', '2026-02-05 21:14:53'),
(413, 10, 'UPDATE', 'participants', 96, '189.129.150.5', '2026-02-05 21:15:00'),
(414, 10, 'UPDATE', 'participants', 96, '189.129.150.5', '2026-02-05 21:15:08'),
(415, 10, 'UPDATE', 'participants', 96, '189.129.150.5', '2026-02-05 21:15:16'),
(416, 10, 'UPDATE', 'participants', 96, '189.129.150.5', '2026-02-05 21:15:23'),
(417, 10, 'UPDATE', 'participants', 96, '189.129.150.5', '2026-02-05 21:15:34'),
(418, 10, 'UPDATE', 'participants', 96, '189.129.150.5', '2026-02-05 21:22:58'),
(419, 10, 'CREATE', 'participants', 97, '189.129.150.5', '2026-02-05 21:25:35'),
(420, 10, 'CREATE', 'participants', 98, '189.129.150.5', '2026-02-05 21:25:49'),
(421, 10, 'CREATE', 'participants', 99, '189.129.150.5', '2026-02-05 21:26:10'),
(422, 10, 'CREATE', 'participants', 100, '189.129.150.5', '2026-02-05 21:26:19'),
(423, 10, 'CREATE', 'participants', 101, '189.129.150.5', '2026-02-05 21:26:28'),
(424, 10, 'CREATE', 'participants', 102, '189.129.150.5', '2026-02-05 21:26:36'),
(425, 10, 'CREATE', 'participants', 103, '189.129.150.5', '2026-02-05 21:26:44'),
(426, 10, 'UPDATE', 'participants', 103, '189.129.150.5', '2026-02-05 21:26:48'),
(427, 10, 'UPDATE', 'participants', 103, '189.129.150.5', '2026-02-05 21:26:58'),
(428, 10, 'UPDATE', 'participants', 103, '189.129.150.5', '2026-02-05 21:27:24'),
(429, 10, 'UPDATE', 'participants', 103, '189.129.150.5', '2026-02-05 21:27:34'),
(430, 10, 'UPDATE', 'participants', 103, '189.129.150.5', '2026-02-05 21:28:20'),
(431, 10, 'UPDATE', 'participants', 103, '189.129.150.5', '2026-02-05 21:28:59'),
(432, 10, 'UPDATE', 'participants', 103, '189.129.150.5', '2026-02-05 21:29:22'),
(433, 10, 'UPDATE', 'participants', 103, '189.129.150.5', '2026-02-05 21:29:43'),
(434, 10, 'UPDATE', 'participants', 103, '189.129.150.5', '2026-02-05 21:32:24'),
(435, 10, 'UPDATE', 'participants', 103, '189.129.150.5', '2026-02-05 21:32:53'),
(436, 10, 'UPDATE', 'participants', 103, '189.129.150.5', '2026-02-05 21:33:04'),
(437, 10, 'UPDATE', 'participants', 103, '189.129.150.5', '2026-02-05 21:33:28'),
(438, 10, 'UPDATE', 'participants', 103, '189.129.150.5', '2026-02-05 21:33:43'),
(439, 10, 'UPDATE', 'participants', 103, '189.129.150.5', '2026-02-05 21:33:57'),
(440, 10, 'UPDATE', 'participants', 103, '189.129.150.5', '2026-02-05 21:34:04'),
(441, 10, 'CREATE', 'courses', 8, '189.129.150.5', '2026-02-05 21:43:22'),
(442, 10, 'ISSUE', 'certificates', 69, '189.129.150.5', '2026-02-05 21:44:50'),
(443, 10, 'ISSUE', 'certificates', 70, '189.129.150.5', '2026-02-05 21:45:45'),
(444, 10, 'ISSUE', 'certificates', 71, '189.129.150.5', '2026-02-05 21:46:11'),
(445, 10, 'ISSUE', 'certificates', 72, '189.129.150.5', '2026-02-05 21:46:57'),
(446, 10, 'ISSUE', 'certificates', 73, '189.129.150.5', '2026-02-05 21:52:26'),
(447, 10, 'ISSUE', 'certificates', 74, '189.129.150.5', '2026-02-05 21:52:37'),
(448, 10, 'ISSUE', 'certificates', 75, '189.129.150.5', '2026-02-05 21:53:02'),
(449, 10, 'ISSUE', 'certificates', 76, '189.129.150.5', '2026-02-05 21:53:11'),
(450, 10, 'ISSUE', 'certificates', 77, '189.129.150.5', '2026-02-05 21:53:22'),
(451, 10, 'ISSUE', 'certificates', 78, '189.129.150.5', '2026-02-05 21:53:39'),
(452, 10, 'ISSUE', 'certificates', 79, '189.129.150.5', '2026-02-05 21:53:49'),
(453, 10, 'ISSUE', 'certificates', 80, '189.129.150.5', '2026-02-05 21:54:08'),
(454, 10, 'ISSUE', 'certificates', 81, '189.129.150.5', '2026-02-05 21:54:20'),
(455, 10, 'ISSUE', 'certificates', 82, '189.129.150.5', '2026-02-05 21:54:32'),
(456, 10, 'ISSUE', 'certificates', 83, '189.129.150.5', '2026-02-05 21:54:43'),
(457, 10, 'ISSUE', 'certificates', 84, '189.129.150.5', '2026-02-05 21:54:55'),
(458, 10, 'ISSUE', 'certificates', 85, '189.129.150.5', '2026-02-05 21:55:10'),
(459, 10, 'ISSUE', 'certificates', 86, '189.129.150.5', '2026-02-05 21:55:23'),
(460, 10, 'ISSUE', 'certificates', 87, '189.129.150.5', '2026-02-05 21:56:38'),
(461, 10, 'ISSUE', 'certificates', 88, '189.129.150.5', '2026-02-05 21:56:53'),
(462, 10, 'ISSUE', 'certificates', 89, '189.129.150.5', '2026-02-05 21:57:06'),
(463, 10, 'ISSUE', 'certificates', 90, '189.129.150.5', '2026-02-05 21:57:18'),
(464, 10, 'ISSUE', 'certificates', 91, '189.129.150.5', '2026-02-05 21:57:29'),
(465, 10, 'ISSUE', 'certificates', 92, '189.129.150.5', '2026-02-05 21:57:42'),
(466, 10, 'ISSUE', 'certificates', 93, '189.129.150.5', '2026-02-05 21:57:53'),
(467, 10, 'ISSUE', 'certificates', 94, '189.129.150.5', '2026-02-05 21:58:03'),
(468, 10, 'STATUS', 'certificates', 94, '189.129.150.5', '2026-02-05 21:58:08'),
(469, 10, 'ISSUE', 'certificates', 95, '189.129.150.5', '2026-02-05 21:58:18'),
(470, 10, 'ISSUE', 'certificates', 96, '189.129.150.5', '2026-02-05 21:58:30'),
(471, 10, 'ISSUE', 'certificates', 97, '189.129.150.5', '2026-02-05 21:58:57'),
(472, 10, 'ISSUE', 'certificates', 98, '189.129.150.5', '2026-02-05 21:59:07'),
(473, 10, 'CREATE', 'participants', 104, '189.129.150.5', '2026-02-05 22:01:11'),
(474, 10, 'CREATE', 'participants', 105, '189.129.150.5', '2026-02-05 22:01:22'),
(475, 10, 'CREATE', 'participants', 106, '189.129.150.5', '2026-02-05 22:17:12'),
(476, 10, 'CREATE', 'participants', 107, '189.129.150.5', '2026-02-05 22:17:19'),
(477, 10, 'CREATE', 'participants', 108, '189.129.150.5', '2026-02-05 22:17:29'),
(478, 10, 'CREATE', 'participants', 109, '189.129.150.5', '2026-02-05 22:17:38'),
(479, 10, 'CREATE', 'participants', 110, '189.129.150.5', '2026-02-05 22:17:54'),
(480, 10, 'CREATE', 'participants', 111, '189.129.150.5', '2026-02-05 22:18:03'),
(481, 10, 'CREATE', 'participants', 112, '189.129.150.5', '2026-02-05 22:18:13'),
(482, 10, 'CREATE', 'participants', 113, '189.129.150.5', '2026-02-05 22:18:20'),
(483, 10, 'CREATE', 'participants', 114, '189.129.150.5', '2026-02-05 22:18:28'),
(484, 10, 'CREATE', 'participants', 115, '189.129.150.5', '2026-02-05 22:18:43'),
(485, 10, 'CREATE', 'participants', 116, '189.129.150.5', '2026-02-05 22:18:53'),
(486, 10, 'CREATE', 'participants', 117, '189.129.150.5', '2026-02-05 22:19:03'),
(487, 10, 'ISSUE', 'certificates', 99, '189.129.150.5', '2026-02-05 22:19:21'),
(488, 10, 'ISSUE', 'certificates', 100, '189.129.150.5', '2026-02-05 22:20:00'),
(489, 10, 'ISSUE', 'certificates', 101, '189.129.150.5', '2026-02-05 22:20:12'),
(490, 10, 'ISSUE', 'certificates', 102, '189.129.150.5', '2026-02-05 22:20:26'),
(491, 10, 'ISSUE', 'certificates', 103, '189.129.150.5', '2026-02-05 22:20:38'),
(492, 10, 'ISSUE', 'certificates', 104, '189.129.150.5', '2026-02-05 22:20:49'),
(493, 10, 'ISSUE', 'certificates', 105, '189.129.150.5', '2026-02-05 22:20:59'),
(494, 10, 'ISSUE', 'certificates', 106, '189.129.150.5', '2026-02-05 22:21:13'),
(495, 10, 'ISSUE', 'certificates', 107, '189.129.150.5', '2026-02-05 22:21:16'),
(496, 10, 'DELETE', 'certificates', 107, '189.129.150.5', '2026-02-05 22:21:24'),
(497, 10, 'ISSUE', 'certificates', 108, '189.129.150.5', '2026-02-05 22:21:33'),
(498, 10, 'ISSUE', 'certificates', 109, '189.129.150.5', '2026-02-05 22:21:44'),
(499, 10, 'ISSUE', 'certificates', 110, '189.129.150.5', '2026-02-05 22:21:51'),
(500, 10, 'ISSUE', 'certificates', 111, '189.129.150.5', '2026-02-05 22:21:59'),
(501, 10, 'ISSUE', 'certificates', 112, '189.129.150.5', '2026-02-05 22:22:09'),
(502, 10, 'ISSUE', 'certificates', 113, '189.129.150.5', '2026-02-05 22:22:15'),
(503, 10, 'LOGIN', 'users', 10, '187.251.233.236', '2026-02-06 15:27:44'),
(504, 10, 'LOGIN', 'users', 10, '187.251.233.236', '2026-02-06 18:07:40'),
(505, 10, 'DELETE', 'certificates', 94, '187.251.233.236', '2026-02-06 18:23:42'),
(506, 1, 'LOGIN', 'users', 1, '189.129.150.5', '2026-02-09 17:21:24'),
(507, 1, 'LOGIN', 'users', 1, '189.129.150.5', '2026-02-09 18:35:18'),
(508, 1, 'LOGOUT', 'users', 1, '189.129.150.5', '2026-02-09 18:44:50'),
(509, 10, 'LOGIN', 'users', 10, '187.251.233.236', '2026-02-25 15:12:01'),
(510, 10, 'LOGIN', 'users', 10, '187.251.233.236', '2026-02-25 16:04:07'),
(511, 1, 'RESET_REQUEST', 'users', 1, '189.150.60.66', '2026-02-25 17:28:35'),
(512, 1, 'RESET_PASSWORD', 'users', 1, '189.150.60.66', '2026-02-25 17:29:17'),
(513, 1, 'LOGIN', 'users', 1, '189.150.60.66', '2026-02-25 17:29:30'),
(514, 1, 'CREATE', 'courses', 9, '189.150.60.66', '2026-02-25 17:29:50'),
(515, 1, 'CREATE', 'courses', 10, '189.150.60.66', '2026-02-25 17:31:15'),
(516, 1, 'DELETE', 'courses', 9, '189.150.60.66', '2026-02-25 17:31:19'),
(517, 1, 'LOGOUT', 'users', 1, '189.150.60.66', '2026-02-25 17:38:36'),
(518, 10, 'LOGIN', 'users', 10, '187.251.233.236', '2026-02-25 18:23:05'),
(519, 10, 'UPDATE', 'courses', 10, '187.251.233.236', '2026-02-25 18:24:27'),
(520, 10, 'LOGIN', 'users', 10, '187.251.233.236', '2026-02-25 21:03:00'),
(521, 10, 'CREATE', 'participants', 118, '187.251.233.236', '2026-02-25 21:03:09'),
(522, 10, 'ISSUE', 'certificates', 114, '187.251.233.236', '2026-02-25 21:03:25'),
(523, 10, 'CREATE', 'participants', 119, '187.251.233.236', '2026-02-25 21:05:53'),
(524, 10, 'ISSUE', 'certificates', 115, '187.251.233.236', '2026-02-25 21:06:00'),
(525, 10, 'LOGIN', 'users', 10, '189.150.60.66', '2026-02-27 16:19:01'),
(526, 1, 'RESET_REQUEST', 'users', 1, '187.251.233.236', '2026-03-02 16:38:12'),
(527, 1, 'RESET_PASSWORD', 'users', 1, '187.251.233.236', '2026-03-02 16:38:59'),
(528, 1, 'LOGIN', 'users', 1, '187.251.233.236', '2026-03-02 16:39:05');

-- --------------------------------------------------------

--
-- Estructura de tabla para la tabla `certificates`
--

CREATE TABLE `certificates` (
  `id` int NOT NULL,
  `participant_id` int NOT NULL,
  `course_id` int NOT NULL,
  `doc_type` varchar(40) NOT NULL,
  `status` enum('VERIFIED','NOT_VERIFIED') NOT NULL DEFAULT 'NOT_VERIFIED',
  `token` varchar(64) NOT NULL,
  `created_at` timestamp NULL DEFAULT CURRENT_TIMESTAMP,
  `updated_at` timestamp NULL DEFAULT CURRENT_TIMESTAMP ON UPDATE CURRENT_TIMESTAMP
) ENGINE=InnoDB DEFAULT CHARSET=utf8mb4 COLLATE=utf8mb4_0900_ai_ci;

--
-- Volcado de datos para la tabla `certificates`
--

INSERT INTO `certificates` (`id`, `participant_id`, `course_id`, `doc_type`, `status`, `token`, `created_at`, `updated_at`) VALUES
(17, 20, 5, 'Constancia', 'VERIFIED', 'MaBhxbHRynMQhYc7e31zYQ', '2026-01-28 14:46:00', '2026-01-28 14:46:00'),
(18, 21, 5, 'Constancia', 'VERIFIED', 'XxHMymGTKajMSVu5wPx99w', '2026-01-28 15:05:25', '2026-01-28 15:05:25'),
(19, 22, 5, 'Constancia', 'VERIFIED', 'fvnJafB3ZYEwonJ5msU5HQ', '2026-01-28 16:27:22', '2026-01-28 16:27:22'),
(20, 23, 5, 'Constancia', 'VERIFIED', 'ZzyEEtl794P7RLCmNGwhyw', '2026-01-28 16:28:11', '2026-01-28 16:28:11'),
(21, 24, 5, 'Constancia', 'VERIFIED', 'JRvCorXzjof-2t3w6vISig', '2026-01-28 16:39:40', '2026-01-28 16:39:40'),
(22, 25, 5, 'Constancia', 'VERIFIED', 'OCUusgEOD2be_SbSBWQM-A', '2026-01-28 16:40:00', '2026-01-28 16:40:00'),
(23, 26, 5, 'Constancia', 'VERIFIED', 't2Q6aqiRB8Y-VH9RLzjlIg', '2026-01-28 16:40:15', '2026-01-28 16:40:15'),
(24, 27, 5, 'Constancia', 'VERIFIED', 'I74FZVmrklgjWtTZYs4dVw', '2026-01-28 16:40:32', '2026-01-28 16:40:32'),
(25, 28, 5, 'Constancia', 'VERIFIED', 'ScMzxSbYbXE_Zh5IXgr4jg', '2026-01-28 16:40:45', '2026-01-28 16:40:45'),
(26, 29, 5, 'Constancia', 'VERIFIED', 'TMLMP_Cd18UMSe0dPt6EHA', '2026-01-28 16:41:22', '2026-01-28 16:41:22'),
(27, 30, 5, 'Constancia', 'VERIFIED', 'RUI1OWj07T5mCM72vKCfRw', '2026-01-28 16:42:17', '2026-01-28 16:42:17'),
(28, 31, 5, 'Constancia', 'VERIFIED', 'z4-wncVKwhuPIZne8Sy7rw', '2026-01-28 16:42:34', '2026-01-28 16:42:34'),
(29, 32, 5, 'Constancia', 'VERIFIED', '877zlUa5n8SfxIA9j3YiGw', '2026-01-28 16:42:46', '2026-01-28 16:42:46'),
(30, 33, 5, 'Constancia', 'VERIFIED', 'K19dwhkSZUcu7KwZHpndZw', '2026-01-28 16:42:59', '2026-01-28 16:42:59'),
(31, 34, 5, 'Constancia', 'VERIFIED', 'N_XUgY5eOjrCdfHXmX1Gfg', '2026-01-28 16:43:16', '2026-01-28 16:43:16'),
(32, 35, 5, 'Constancia', 'VERIFIED', 'HdpBzLTVsmpL5Cf-QNAt1A', '2026-01-28 16:44:17', '2026-01-28 16:44:17'),
(33, 37, 5, 'Constancia', 'VERIFIED', 'yJaWy5VO77VFX0ifl4cRcg', '2026-01-28 16:44:32', '2026-01-28 16:44:32'),
(34, 38, 5, 'Constancia', 'VERIFIED', '-CLPIov3b7XUCUzTAvPEIg', '2026-01-28 16:44:47', '2026-01-28 16:44:47'),
(35, 39, 5, 'Constancia', 'VERIFIED', '8o8IA3h0Tc0O6smCPnhQ_g', '2026-01-28 16:44:59', '2026-01-28 16:44:59'),
(36, 40, 5, 'Constancia', 'VERIFIED', 'ml32W0IZV2PPGhF_8DyQaA', '2026-01-28 16:45:24', '2026-01-28 16:45:24'),
(37, 41, 5, 'Constancia', 'VERIFIED', 'lpd1Txg_to9cdPq3tQb4cw', '2026-01-28 16:45:36', '2026-01-28 16:45:36'),
(38, 42, 5, 'Constancia', 'VERIFIED', 'SY261TvlAwXw7NJF_0luKA', '2026-01-28 16:45:46', '2026-01-28 16:45:46'),
(39, 43, 5, 'Constancia', 'VERIFIED', '-XMfBuBB5PX4MhT-L00Wqw', '2026-01-28 16:45:58', '2026-01-28 16:45:58'),
(40, 44, 5, 'Constancia', 'VERIFIED', 'yYqGUoDs_It6Qk0hT63ECQ', '2026-01-28 16:46:16', '2026-01-28 16:46:16'),
(41, 45, 5, 'Constancia', 'VERIFIED', 'eg70995F1shhEd2-76rdWw', '2026-01-28 16:46:31', '2026-01-28 16:46:31'),
(42, 46, 5, 'Constancia', 'VERIFIED', 'RAqVpeM2r23DXHyYoCnv0g', '2026-01-28 16:46:44', '2026-01-28 16:46:44'),
(43, 47, 5, 'Constancia', 'VERIFIED', 'dq1PmMw3ftyC8pjzCHuCbg', '2026-01-28 16:47:03', '2026-01-28 16:47:03'),
(44, 48, 5, 'Constancia', 'VERIFIED', 'gB2MeE3PdOD9_IUsG_iCnQ', '2026-01-28 16:47:21', '2026-01-28 16:47:21'),
(45, 49, 5, 'Constancia', 'VERIFIED', '5XR_aaehcyR7LXrj8_GsPw', '2026-01-28 16:47:34', '2026-01-28 16:47:34'),
(46, 50, 5, 'Constancia', 'VERIFIED', 'f71FBtp-q8Tw4vKBcItjtw', '2026-01-28 16:47:48', '2026-01-28 16:47:48'),
(47, 51, 5, 'Constancia', 'VERIFIED', 'ZU1qijkkX-QrNpVFgEhhRw', '2026-01-28 16:48:06', '2026-01-28 16:48:06'),
(48, 52, 5, 'Constancia', 'VERIFIED', 'jO7W_XlDZIyDDM06I81mIw', '2026-01-28 16:48:54', '2026-01-28 16:48:54'),
(49, 53, 5, 'Constancia', 'VERIFIED', 'DyrvtcS85o2WK7gMV38OqQ', '2026-01-28 16:49:16', '2026-01-28 16:49:16'),
(50, 54, 5, 'Constancia', 'VERIFIED', 'r005CvcLHVJTnghcXLMRGQ', '2026-01-28 16:50:18', '2026-01-28 16:50:18'),
(51, 55, 5, 'Constancia', 'VERIFIED', 'tylnlgoZJcS_0nNRQppr7A', '2026-01-28 16:50:35', '2026-01-28 16:50:35'),
(52, 56, 5, 'Constancia', 'VERIFIED', 'DL1s5iY2eFQHNF1HF9brVw', '2026-01-28 16:50:52', '2026-01-28 16:50:52'),
(53, 57, 5, 'Constancia', 'VERIFIED', 'SzuGUlJ900VyrJ_wlCtxJQ', '2026-01-28 16:51:06', '2026-01-28 16:51:06'),
(54, 58, 5, 'Constancia', 'VERIFIED', 'BNBPN4mKZkcCTVy8X08T7Q', '2026-01-28 16:51:28', '2026-01-28 16:51:28'),
(55, 59, 5, 'Constancia', 'VERIFIED', 'nmDNfpN1hqSeokRxxidZxg', '2026-01-28 16:51:41', '2026-01-28 16:51:41'),
(56, 60, 5, 'Constancia', 'VERIFIED', 'oNAQDuDMGyN3F29eU0Z2PA', '2026-01-28 16:51:50', '2026-01-28 16:51:50'),
(57, 61, 5, 'Constancia', 'VERIFIED', 'vFYTu4yCTcQCZiB_Y4PC4A', '2026-01-28 16:52:00', '2026-01-28 16:52:00'),
(58, 62, 5, 'Constancia', 'VERIFIED', 'suh_O-WLvZv-q4iunHEt4Q', '2026-01-28 16:52:14', '2026-01-28 16:52:14'),
(59, 63, 5, 'Constancia', 'VERIFIED', 'bwCxFOteURmVVHdRAVT9GQ', '2026-01-28 16:52:27', '2026-01-28 16:52:27'),
(60, 64, 5, 'Constancia', 'VERIFIED', 'tfVs1_ZqteEEH52xj1ww9g', '2026-01-28 16:52:37', '2026-01-28 16:52:37'),
(61, 65, 5, 'Constancia', 'VERIFIED', 'OYiQ9MEtirLz2JyrOTOwaw', '2026-01-28 16:52:46', '2026-01-28 16:52:46'),
(62, 66, 5, 'Constancia', 'VERIFIED', 'OBsIjtIPZ1N_W9fZulDGyA', '2026-01-28 16:52:58', '2026-01-28 16:52:58'),
(63, 68, 5, 'Constancia', 'VERIFIED', 'lVWUPxQIDOWusW0QnMVi9Q', '2026-01-28 16:53:10', '2026-01-28 16:53:10'),
(64, 69, 5, 'Constancia', 'VERIFIED', 'NuCwD8mSaKxc564-9_rwJw', '2026-01-28 16:53:28', '2026-01-28 16:53:28'),
(65, 70, 5, 'Constancia', 'VERIFIED', '7zXVzKSNuLtJKqVqYqbYiQ', '2026-01-28 16:53:41', '2026-01-28 16:53:41'),
(66, 71, 5, 'Constancia', 'VERIFIED', '5anT-dpNW6fjz_7eppN_0A', '2026-01-28 16:53:53', '2026-01-28 16:53:53'),
(67, 72, 5, 'Constancia', 'VERIFIED', 'UAffGjDm4_XhdhdeRQWDCg', '2026-01-28 16:54:04', '2026-01-28 16:54:04'),
(68, 67, 5, 'Constancia', 'VERIFIED', 'XqPwA5ipiw7eMFkVovvj4A', '2026-01-28 16:54:17', '2026-01-28 16:54:17'),
(69, 75, 8, 'Constancia', 'VERIFIED', 'anvnIvQu3GoAgj-2dnpMHg', '2026-02-05 21:44:50', '2026-02-05 21:44:50'),
(70, 76, 8, 'Constancia', 'VERIFIED', 'NLwLha8UDrJ7v-1LYukUKg', '2026-02-05 21:45:45', '2026-02-05 21:45:45'),
(71, 77, 8, 'Constancia', 'VERIFIED', 'Bhev_72rCbMOtHMQdvjsgQ', '2026-02-05 21:46:11', '2026-02-05 21:46:11'),
(72, 78, 8, 'Constancia', 'VERIFIED', 'sfz3xN7YPZNde9tNhvg8Kg', '2026-02-05 21:46:57', '2026-02-05 21:46:57'),
(73, 79, 8, 'Constancia', 'VERIFIED', '43SBAbobIisFWqt02odPsA', '2026-02-05 21:52:26', '2026-02-05 21:52:26'),
(74, 80, 8, 'Constancia', 'VERIFIED', 'PKUsN22FiQD-3TcZ3zCrnQ', '2026-02-05 21:52:37', '2026-02-05 21:52:37'),
(75, 81, 8, 'Constancia', 'VERIFIED', '4ipaiZDb0Obv0Ci14myt0A', '2026-02-05 21:53:02', '2026-02-05 21:53:02'),
(76, 82, 8, 'Constancia', 'VERIFIED', 'LpuLSGPFTaJeFM48NhK_vA', '2026-02-05 21:53:11', '2026-02-05 21:53:11'),
(77, 83, 8, 'Constancia', 'VERIFIED', 'FiwPzFu4RD4LJpk-kLdxww', '2026-02-05 21:53:22', '2026-02-05 21:53:22'),
(78, 84, 8, 'Constancia', 'VERIFIED', 'pmKXKEgatbCkcAmVfzP_-w', '2026-02-05 21:53:39', '2026-02-05 21:53:39'),
(79, 85, 8, 'Constancia', 'VERIFIED', 'EFO7k227zdxrt0z0-P9i4g', '2026-02-05 21:53:49', '2026-02-05 21:53:49'),
(80, 86, 8, 'Constancia', 'VERIFIED', 'mUUVneqeRB_LDA8IqlMCaA', '2026-02-05 21:54:08', '2026-02-05 21:54:08'),
(81, 87, 8, 'Constancia', 'VERIFIED', '9OtdybtrJMOHVOnxF5h2uA', '2026-02-05 21:54:20', '2026-02-05 21:54:20'),
(82, 88, 8, 'Constancia', 'VERIFIED', 'OV8yyiVildg4U821Qt3WMQ', '2026-02-05 21:54:32', '2026-02-05 21:54:32'),
(83, 89, 8, 'Constancia', 'VERIFIED', '4JJlwWMDQra0gQ49hov_-Q', '2026-02-05 21:54:43', '2026-02-05 21:54:43'),
(84, 90, 8, 'Constancia', 'VERIFIED', 'B2Tl-wVk4N_J-uC7WuaZUg', '2026-02-05 21:54:55', '2026-02-05 21:54:55'),
(85, 91, 8, 'Constancia', 'VERIFIED', 'cj3RRvHPQtMCN3cBe8mtJA', '2026-02-05 21:55:10', '2026-02-05 21:55:10'),
(86, 92, 8, 'Constancia', 'VERIFIED', 'VmHeUbwjOtZV-qgIWelj9A', '2026-02-05 21:55:23', '2026-02-05 21:55:23'),
(87, 93, 8, 'Constancia', 'VERIFIED', 'VBhstqlz6hLv_8Qb2d1Yww', '2026-02-05 21:56:38', '2026-02-05 21:56:38'),
(88, 94, 8, 'Constancia', 'VERIFIED', 'noc86eZie9hoQbbaiqa-Kw', '2026-02-05 21:56:53', '2026-02-05 21:56:53'),
(89, 95, 8, 'Constancia', 'VERIFIED', 'XPqNTZAF_zvccik2mSe9Ig', '2026-02-05 21:57:06', '2026-02-05 21:57:06'),
(90, 97, 8, 'Constancia', 'VERIFIED', 'jB2bWoHqwwvAi2BviB47kw', '2026-02-05 21:57:18', '2026-02-05 21:57:18'),
(91, 98, 8, 'Constancia', 'VERIFIED', 'uOJ9XZoeVoMO6VvaYQcRHQ', '2026-02-05 21:57:29', '2026-02-05 21:57:29'),
(92, 96, 8, 'Constancia', 'VERIFIED', 'aAhRY35w5FL5a0-RX-bpZg', '2026-02-05 21:57:42', '2026-02-05 21:57:42'),
(93, 99, 8, 'Constancia', 'VERIFIED', 'RPU6ZF70QYpUxDcVSfy-vw', '2026-02-05 21:57:53', '2026-02-05 21:57:53'),
(95, 103, 8, 'Constancia', 'VERIFIED', '0W2ccBTjiCXcq4cWUB4Iqg', '2026-02-05 21:58:18', '2026-02-05 21:58:18'),
(96, 100, 8, 'Constancia', 'VERIFIED', 'nL4PBLUcpQusOQCK88tDPw', '2026-02-05 21:58:30', '2026-02-05 21:58:30'),
(97, 101, 8, 'Constancia', 'VERIFIED', 'RA68rq0aFuj7GQJeSBi4qw', '2026-02-05 21:58:57', '2026-02-05 21:58:57'),
(98, 102, 8, 'Constancia', 'VERIFIED', 'mRyuXt1ilhBhnslhM_h-7Q', '2026-02-05 21:59:07', '2026-02-05 21:59:07'),
(99, 104, 8, 'Constancia', 'VERIFIED', 'C65hZ1AT-0u79j5KUyWonA', '2026-02-05 22:19:21', '2026-02-05 22:19:21'),
(100, 105, 8, 'Constancia', 'VERIFIED', 'FvZJ7-1o1TH-Bg_P-g3djw', '2026-02-05 22:20:00', '2026-02-05 22:20:00'),
(101, 106, 8, 'Constancia', 'VERIFIED', 'ryPW2qtnVCTP_rTQ3xWZDw', '2026-02-05 22:20:12', '2026-02-05 22:20:12'),
(102, 107, 8, 'Constancia', 'VERIFIED', 'DWHa5j52BbRlMEEFSw2ODg', '2026-02-05 22:20:26', '2026-02-05 22:20:26'),
(103, 108, 8, 'Constancia', 'VERIFIED', '5KjZWxpkMAoHnuatYTDdnA', '2026-02-05 22:20:38', '2026-02-05 22:20:38'),
(104, 109, 8, 'Constancia', 'VERIFIED', 'Pb4izCO623KuEjK2YdYsqw', '2026-02-05 22:20:49', '2026-02-05 22:20:49'),
(105, 110, 8, 'Constancia', 'VERIFIED', 'DqYc0rUfl602qXGSPipfIw', '2026-02-05 22:20:59', '2026-02-05 22:20:59'),
(106, 111, 8, 'Constancia', 'VERIFIED', '2EZ5vq99GWjSsGPKHqJ3QQ', '2026-02-05 22:21:13', '2026-02-05 22:21:13'),
(108, 112, 8, 'Constancia', 'VERIFIED', 'xsOwZBpiBnCRn2wXNv9g2A', '2026-02-05 22:21:33', '2026-02-05 22:21:33'),
(109, 113, 8, 'Constancia', 'VERIFIED', '0jImtATKgsSfVlQaKYNHqw', '2026-02-05 22:21:44', '2026-02-05 22:21:44'),
(110, 114, 8, 'Constancia', 'VERIFIED', 'zSAa4WEMGerAqsA33NP8ug', '2026-02-05 22:21:51', '2026-02-05 22:21:51'),
(111, 115, 8, 'Constancia', 'VERIFIED', '08-mtUX4pl-2HjV_pZ5jGQ', '2026-02-05 22:21:59', '2026-02-05 22:21:59'),
(112, 116, 8, 'Constancia', 'VERIFIED', 'wY6dY-AbfKbkIk-6gMQaGQ', '2026-02-05 22:22:09', '2026-02-05 22:22:09'),
(113, 117, 8, 'Constancia', 'VERIFIED', 'kQXu8fNklRj0ud3wHDRU1g', '2026-02-05 22:22:15', '2026-02-05 22:22:15'),
(114, 118, 10, 'Constancia', 'VERIFIED', 'uR8VEscCMstAzbK_j4Ep8Q', '2026-02-25 21:03:25', '2026-02-25 21:03:25'),
(115, 119, 10, 'Constancia', 'VERIFIED', '5rZ2McTAbkSyk9zbjA0RDQ', '2026-02-25 21:06:00', '2026-02-25 21:06:00');

-- --------------------------------------------------------

--
-- Estructura de tabla para la tabla `courses`
--

CREATE TABLE `courses` (
  `id` int NOT NULL,
  `name` varchar(150) NOT NULL,
  `edition` varchar(80) DEFAULT NULL,
  `start_date` date DEFAULT NULL,
  `end_date` date DEFAULT NULL,
  `modality` varchar(80) DEFAULT NULL,
  `area` varchar(120) DEFAULT NULL,
  `created_at` timestamp NULL DEFAULT CURRENT_TIMESTAMP,
  `updated_at` timestamp NULL DEFAULT CURRENT_TIMESTAMP ON UPDATE CURRENT_TIMESTAMP
) ENGINE=InnoDB DEFAULT CHARSET=utf8mb4 COLLATE=utf8mb4_0900_ai_ci;

--
-- Volcado de datos para la tabla `courses`
--

INSERT INTO `courses` (`id`, `name`, `edition`, `start_date`, `end_date`, `modality`, `area`, `created_at`, `updated_at`) VALUES
(5, 'Programa de Capacitación en Materia de Responsabilidad Administrativa y Juicio Contencioso Administrativo', '2da. Edición', '2026-01-19', '2026-01-21', 'Presencial', '', '2026-01-26 19:41:37', '2026-01-28 14:44:09'),
(7, 'Hermeneútica Jurídica', '1era. Edición', '2026-01-27', '2026-01-27', 'Presencial', 'Instituto de Justicia Administrativa', '2026-01-26 21:58:48', '2026-01-26 21:58:48'),
(8, 'Programa de Capacitación en Materia de Responsabilidad Administrativa y Juicio Contencioso Administrativo', '', '2026-01-28', '2026-01-30', 'Híbrida', '', '2026-02-05 21:43:22', '2026-02-05 21:43:22'),
(10, 'Programa de Capacitación: Responsabilidades Administrativas', '', '2026-02-24', '2026-02-26', 'Híbrida', '', '2026-02-25 17:31:15', '2026-02-25 18:24:27');

-- --------------------------------------------------------

--
-- Estructura de tabla para la tabla `participants`
--

CREATE TABLE `participants` (
  `id` int NOT NULL,
  `full_name` varchar(150) NOT NULL,
  `email` varchar(120) DEFAULT NULL,
  `type` enum('INTERNAL','EXTERNAL') NOT NULL DEFAULT 'INTERNAL',
  `created_at` timestamp NULL DEFAULT CURRENT_TIMESTAMP,
  `updated_at` timestamp NULL DEFAULT CURRENT_TIMESTAMP ON UPDATE CURRENT_TIMESTAMP
) ENGINE=InnoDB DEFAULT CHARSET=utf8mb4 COLLATE=utf8mb4_0900_ai_ci;

--
-- Volcado de datos para la tabla `participants`
--

INSERT INTO `participants` (`id`, `full_name`, `email`, `type`, `created_at`, `updated_at`) VALUES
(20, 'Misael Escobar Peña', '', 'EXTERNAL', '2026-01-28 14:45:10', '2026-01-28 14:45:10'),
(21, 'Jorge Israel Sarmiento González', '', 'EXTERNAL', '2026-01-28 14:45:28', '2026-01-28 14:45:28'),
(22, 'Raúl Rodolfo Camacho Juárez', '', 'EXTERNAL', '2026-01-28 15:06:54', '2026-01-28 15:06:54'),
(23, 'Lidia del Socorro Suárez Arrieta', '', 'EXTERNAL', '2026-01-28 15:07:59', '2026-01-28 15:07:59'),
(24, 'Selene Moreno Jiménez', '', 'EXTERNAL', '2026-01-28 15:30:15', '2026-01-28 15:30:15'),
(25, 'Dennis Fabiel Molina Velasco', '', 'EXTERNAL', '2026-01-28 15:30:55', '2026-01-28 15:30:55'),
(26, 'Yail Alfredo Peña Aguilar', '', 'EXTERNAL', '2026-01-28 15:31:22', '2026-01-28 15:31:22'),
(27, 'Mario Luis Vidal Cancino', '', 'EXTERNAL', '2026-01-28 15:31:38', '2026-01-28 15:31:38'),
(28, 'Marco Antonio Galdámez Sánchez', '', 'EXTERNAL', '2026-01-28 15:32:05', '2026-01-28 15:32:05'),
(29, 'José Mariano López Díaz', '', 'EXTERNAL', '2026-01-28 15:32:40', '2026-01-28 15:32:40'),
(30, 'María Gabriela Macías Domínguez', '', 'EXTERNAL', '2026-01-28 15:34:45', '2026-01-28 15:34:45'),
(31, 'Alejandra Flores Zenteno', '', 'EXTERNAL', '2026-01-28 15:35:07', '2026-01-28 15:35:07'),
(32, 'Laura Guadalupe Velasco Jiménez', '', 'EXTERNAL', '2026-01-28 15:35:27', '2026-01-28 15:35:27'),
(33, 'Roger Andrés Reyes Medina', '', 'EXTERNAL', '2026-01-28 15:43:49', '2026-01-28 15:43:49'),
(34, 'Víctor Manuel García Ochoa', '', 'EXTERNAL', '2026-01-28 15:44:03', '2026-01-28 15:44:03'),
(35, 'Edgar Vicente Tovilla Victoria', '', 'EXTERNAL', '2026-01-28 15:44:19', '2026-01-28 15:44:19'),
(37, 'Sara Isela Domínguez Zenteno', '', 'EXTERNAL', '2026-01-28 16:13:05', '2026-01-28 16:13:05'),
(38, 'Manuel Alejandro Mijangos Flores', '', 'EXTERNAL', '2026-01-28 16:15:47', '2026-01-28 16:15:47'),
(39, 'Karina Alejandra Velasco Zúñiga', '', 'EXTERNAL', '2026-01-28 16:16:45', '2026-01-28 16:16:45'),
(40, 'María de Lourdes Rivera Centeno', '', 'EXTERNAL', '2026-01-28 16:17:00', '2026-01-28 16:17:00'),
(41, 'Raymundo Chirino Flores', '', 'EXTERNAL', '2026-01-28 16:17:09', '2026-01-28 16:17:09'),
(42, 'Ana Luisa Bielma Noriega', '', 'EXTERNAL', '2026-01-28 16:17:22', '2026-01-28 16:17:22'),
(43, 'Sheila Fernanda Madrid Ovando', '', 'EXTERNAL', '2026-01-28 16:17:52', '2026-01-28 16:17:52'),
(44, 'José Martín Martínez Hernández', '', 'EXTERNAL', '2026-01-28 16:18:02', '2026-01-28 16:18:02'),
(45, 'María Magdalena López Durante', '', 'EXTERNAL', '2026-01-28 16:18:14', '2026-01-28 16:18:14'),
(46, 'Verónica del Carmen Martínez Gallegos', '', 'EXTERNAL', '2026-01-28 16:18:24', '2026-01-28 16:18:24'),
(47, 'Jesús Eduardo Flores Domínguez', '', 'EXTERNAL', '2026-01-28 16:18:34', '2026-01-28 16:18:34'),
(48, 'Alejandra Cal y Mayor Arroyo', '', 'EXTERNAL', '2026-01-28 16:18:43', '2026-01-28 16:18:43'),
(49, 'Mónica Ivonn Morales Pérez', '', 'EXTERNAL', '2026-01-28 16:18:51', '2026-01-28 16:18:51'),
(50, 'Fredy Ventura de los Santos', '', 'EXTERNAL', '2026-01-28 16:18:59', '2026-01-28 16:18:59'),
(51, 'Luis Bernabé Vázquez Morales', '', 'EXTERNAL', '2026-01-28 16:19:08', '2026-01-28 16:19:08'),
(52, 'Ernesto León Nangullasmú', '', 'EXTERNAL', '2026-01-28 16:19:54', '2026-01-28 16:19:54'),
(53, 'Christian Alejandro Solórzano Bermúdez', '', 'EXTERNAL', '2026-01-28 16:20:02', '2026-01-28 16:20:02'),
(54, 'Luis Roberto Sánchez Aguilar', '', 'EXTERNAL', '2026-01-28 16:20:10', '2026-01-28 16:20:10'),
(55, 'Misael Antonio Córdova Astudillo', '', 'EXTERNAL', '2026-01-28 16:20:19', '2026-01-28 16:20:19'),
(56, 'Denisse Altunar Berrún', '', 'EXTERNAL', '2026-01-28 16:20:30', '2026-01-28 16:20:30'),
(57, 'Martha Lucía Escobedo Campos', '', 'EXTERNAL', '2026-01-28 16:20:37', '2026-01-28 16:20:37'),
(58, 'José Eduardo Trejo Guzmán', '', 'EXTERNAL', '2026-01-28 16:20:46', '2026-01-28 16:20:46'),
(59, 'Gladis Margot Hernández Rafael', '', 'EXTERNAL', '2026-01-28 16:20:54', '2026-01-28 16:20:54'),
(60, 'Lusney Susana Vázquez Moreno', '', 'EXTERNAL', '2026-01-28 16:21:02', '2026-01-28 16:21:02'),
(61, 'Yulma Karina Vázquez López', '', 'EXTERNAL', '2026-01-28 16:21:09', '2026-01-28 16:21:09'),
(62, 'Flor de María Paz Cortazar', '', 'EXTERNAL', '2026-01-28 16:21:16', '2026-01-28 16:21:16'),
(63, 'Alonso Gómez Nampulá', '', 'EXTERNAL', '2026-01-28 16:21:23', '2026-01-28 16:21:23'),
(64, 'Cielo Carolina Gómez Aguilar', '', 'EXTERNAL', '2026-01-28 16:21:30', '2026-01-28 16:21:30'),
(65, 'Gloria Maricely Patricio Ramírez', '', 'EXTERNAL', '2026-01-28 16:21:36', '2026-01-28 16:21:36'),
(66, 'Erika Yadith Ramírez Utrilla', '', 'EXTERNAL', '2026-01-28 16:21:43', '2026-01-28 16:21:43'),
(67, 'Samara Briseida Prado Villalobos', '', 'EXTERNAL', '2026-01-28 16:21:49', '2026-01-28 16:22:30'),
(68, 'Fabricio Espinosa Hernández', '', 'EXTERNAL', '2026-01-28 16:23:29', '2026-01-28 16:23:29'),
(69, 'Edith Roselia Guillén Alegría', '', 'EXTERNAL', '2026-01-28 16:23:37', '2026-01-28 16:23:37'),
(70, 'Sergio Humberto Meza Bustamante', '', 'EXTERNAL', '2026-01-28 16:23:47', '2026-01-28 16:23:47'),
(71, 'Alejandra Domínguez Cortés', '', 'EXTERNAL', '2026-01-28 16:23:54', '2026-01-28 16:23:54'),
(72, 'Erick Alejandro Jan Argüello', '', 'EXTERNAL', '2026-01-28 16:24:02', '2026-01-28 16:24:02'),
(75, 'Alexis Rafael González Rodas', '', 'EXTERNAL', '2026-02-05 20:55:28', '2026-02-05 20:55:28'),
(76, 'María de Lourdes Ramos Hilerio', '', 'EXTERNAL', '2026-02-05 20:55:52', '2026-02-05 20:55:52'),
(77, 'Tomasa Guadalupe Martínez Salvador', '', 'EXTERNAL', '2026-02-05 20:56:03', '2026-02-05 20:56:03'),
(78, 'Isaías Garzón Ruiz', '', 'EXTERNAL', '2026-02-05 20:56:16', '2026-02-05 20:56:16'),
(79, 'Héctor Reyes Cigarroa', '', 'EXTERNAL', '2026-02-05 20:56:31', '2026-02-05 20:56:31'),
(80, 'Regina Quitzé López Gálvez', '', 'EXTERNAL', '2026-02-05 20:56:42', '2026-02-05 20:56:42'),
(81, 'Jesús Antonio Gamboa Recinos', '', 'EXTERNAL', '2026-02-05 20:56:52', '2026-02-05 20:56:52'),
(82, 'Ovidio Reyes Escobar', '', 'EXTERNAL', '2026-02-05 20:57:05', '2026-02-05 20:57:05'),
(83, 'Luis Gerardo Abarca Roque', '', 'EXTERNAL', '2026-02-05 20:57:30', '2026-02-05 20:57:30'),
(84, 'Marco Antonio Moreno De León', '', 'EXTERNAL', '2026-02-05 20:57:46', '2026-02-05 20:57:46'),
(85, 'Miguel Ángel Rivas Hernández', '', 'EXTERNAL', '2026-02-05 20:59:38', '2026-02-05 20:59:38'),
(86, 'Alejandro Santos González', '', 'EXTERNAL', '2026-02-05 21:00:12', '2026-02-05 21:00:12'),
(87, 'Ricardo Luis Soto García', '', 'EXTERNAL', '2026-02-05 21:00:25', '2026-02-05 21:00:25'),
(88, 'David Victorio Domínguez', '', 'EXTERNAL', '2026-02-05 21:01:04', '2026-02-05 21:01:04'),
(89, 'Ingrid Denned López Vázquez', '', 'EXTERNAL', '2026-02-05 21:01:17', '2026-02-05 21:01:17'),
(90, 'Víctor Samuel Domínguez López', '', 'EXTERNAL', '2026-02-05 21:02:11', '2026-02-05 21:02:11'),
(91, 'Amos José Olivera Sánchez', '', 'EXTERNAL', '2026-02-05 21:02:26', '2026-02-05 21:02:26'),
(92, 'Jesús Alberto Escobar García', '', 'EXTERNAL', '2026-02-05 21:02:34', '2026-02-05 21:02:34'),
(93, 'Adolfo López Escobar', '', 'EXTERNAL', '2026-02-05 21:02:41', '2026-02-05 21:02:41'),
(94, 'Leonel Enrique Vázquez Martínez', '', 'EXTERNAL', '2026-02-05 21:02:49', '2026-02-05 21:02:49'),
(95, 'Victor Manuel López Orozco', '', 'EXTERNAL', '2026-02-05 21:03:02', '2026-02-05 21:03:02'),
(96, 'Cristel Daniela López Hernández', '', 'EXTERNAL', '2026-02-05 21:03:09', '2026-02-05 21:22:58'),
(97, 'Laura González Trejo', '', 'EXTERNAL', '2026-02-05 21:25:35', '2026-02-05 21:25:35'),
(98, 'Alejandro Palacios Mendoza', '', 'EXTERNAL', '2026-02-05 21:25:49', '2026-02-05 21:25:49'),
(99, 'Juana Molina Velázquez', '', 'EXTERNAL', '2026-02-05 21:26:10', '2026-02-05 21:26:10'),
(100, 'Ricardo Mejía Zepeda', '', 'EXTERNAL', '2026-02-05 21:26:19', '2026-02-05 21:26:19'),
(101, 'Sergio Cabrera Allende', '', 'EXTERNAL', '2026-02-05 21:26:28', '2026-02-05 21:26:28'),
(102, 'David Velázquez Palacios', '', 'EXTERNAL', '2026-02-05 21:26:36', '2026-02-05 21:26:36'),
(103, 'Josue Rafael Méndez Estrada', '', 'EXTERNAL', '2026-02-05 21:26:44', '2026-02-05 21:34:04'),
(104, 'Yoseli de la Cruz Gallardo', '', 'EXTERNAL', '2026-02-05 22:01:11', '2026-02-05 22:01:11'),
(105, 'Juan Córdova Tolentino', '', 'EXTERNAL', '2026-02-05 22:01:22', '2026-02-05 22:01:22'),
(106, 'Ramón Sánchez Zavala', '', 'EXTERNAL', '2026-02-05 22:17:12', '2026-02-05 22:17:12'),
(107, 'Carlos Calderón Ordóñez', '', 'EXTERNAL', '2026-02-05 22:17:19', '2026-02-05 22:17:19'),
(108, 'Kevin Figueroa  Moreno', '', 'EXTERNAL', '2026-02-05 22:17:29', '2026-02-05 22:17:29'),
(109, 'Jorge Mejía Rodríguez', '', 'EXTERNAL', '2026-02-05 22:17:38', '2026-02-05 22:17:38'),
(110, 'Alexander Coutiño González', '', 'EXTERNAL', '2026-02-05 22:17:54', '2026-02-05 22:17:54'),
(111, 'Jorge Ramón Esteban Tovilla', '', 'EXTERNAL', '2026-02-05 22:18:03', '2026-02-05 22:18:03'),
(112, 'Guillermo Garay Monzón', '', 'EXTERNAL', '2026-02-05 22:18:13', '2026-02-05 22:18:13'),
(113, 'Caren Fabiola Barrios García', '', 'EXTERNAL', '2026-02-05 22:18:20', '2026-02-05 22:18:20'),
(114, 'Verónica Eunice Robledo Villatoro', '', 'EXTERNAL', '2026-02-05 22:18:28', '2026-02-05 22:18:28'),
(115, 'Berenice Álvarez Méndez', '', 'EXTERNAL', '2026-02-05 22:18:43', '2026-02-05 22:18:43'),
(116, 'Jesús Antonio Lazos Cota', '', 'EXTERNAL', '2026-02-05 22:18:53', '2026-02-05 22:18:53'),
(117, 'Josue Rafael Méndez Estrada', '', 'EXTERNAL', '2026-02-05 22:19:03', '2026-02-05 22:19:03'),
(118, 'Luis Gerardo Roblero de los Santos', '', 'EXTERNAL', '2026-02-25 21:03:09', '2026-02-25 21:03:09'),
(119, 'AYDA OLIVIA VÁZQUEZ VÁZQUEZ', '', 'EXTERNAL', '2026-02-25 21:05:53', '2026-02-25 21:05:53');

-- --------------------------------------------------------

--
-- Estructura de tabla para la tabla `password_resets`
--

CREATE TABLE `password_resets` (
  `id` int NOT NULL,
  `user_id` int NOT NULL,
  `token_hash` varchar(255) NOT NULL,
  `expires_at` datetime NOT NULL,
  `used_at` datetime DEFAULT NULL,
  `created_at` timestamp NULL DEFAULT CURRENT_TIMESTAMP
) ENGINE=InnoDB DEFAULT CHARSET=utf8mb4 COLLATE=utf8mb4_0900_ai_ci;

--
-- Volcado de datos para la tabla `password_resets`
--

INSERT INTO `password_resets` (`id`, `user_id`, `token_hash`, `expires_at`, `used_at`, `created_at`) VALUES
(1, 1, '$2y$10$hb7c7PUBzPXNxmIPo/pVP..wmHENwg3U4rD9x1YZ3FeIivvOsygK2', '2026-01-21 17:32:47', '2026-01-22 17:13:43', '2026-01-21 23:17:47'),
(43, 1, '$2y$10$UasInhod2yu3eT3hECXJXeUtlvkyhdjtt9H8Mu0FEe0sOYkygnOzu', '2026-01-22 17:28:43', '2026-02-25 11:28:35', '2026-01-22 23:13:43'),
(48, 1, '$2y$10$fgXv9JdlyCIDByeyvfxqLe01H9/tfHDuPBiUXh8g/jxgVzxInvio2', '2026-02-25 11:43:35', '2026-02-25 11:29:17', '2026-02-25 17:28:35'),
(49, 1, '$2y$10$ahqbCpKSOFZHooHTBSoTquSTr3SdIkV69EeKC.miiWcOiF2DPxSqy', '2026-03-02 10:53:12', '2026-03-02 10:38:59', '2026-03-02 16:38:12');

-- --------------------------------------------------------

--
-- Estructura de tabla para la tabla `users`
--

CREATE TABLE `users` (
  `id` int NOT NULL,
  `name` varchar(100) NOT NULL,
  `email` varchar(120) NOT NULL,
  `role` enum('ADMIN','COURSES','PARTICIPANTS','CERTIFICATES','READONLY') NOT NULL DEFAULT 'ADMIN',
  `status` enum('ACTIVE','DISABLED') NOT NULL DEFAULT 'ACTIVE',
  `password_hash` varchar(255) NOT NULL,
  `created_at` timestamp NULL DEFAULT CURRENT_TIMESTAMP,
  `updated_at` timestamp NULL DEFAULT CURRENT_TIMESTAMP ON UPDATE CURRENT_TIMESTAMP
) ENGINE=InnoDB DEFAULT CHARSET=utf8mb4 COLLATE=utf8mb4_0900_ai_ci;

--
-- Volcado de datos para la tabla `users`
--

INSERT INTO `users` (`id`, `name`, `email`, `role`, `status`, `password_hash`, `created_at`, `updated_at`) VALUES
(1, 'Administrador TJA', 'informatica@tjaech.gob.mx', 'ADMIN', 'ACTIVE', '$2y$10$7jn6oZFbEuaAidky5aMbQ.TZjbdimZZtmK5fHi4iqWXj09wMvEDzq', '2026-01-21 22:43:59', '2026-03-02 16:38:59'),
(8, 'Ángel Gabriel Cobaxin Ramos', 'acobax@gmail.com', 'COURSES', 'ACTIVE', '$2y$10$gfH7SRF49ppbV/fNDzkpGuhPDAc3LXTGLo6pa509gGYZXG32v/wta', '2026-01-27 21:57:08', '2026-01-27 21:57:08'),
(9, 'Adla Mariana Osorio López', 'adela.sine@gmail.com', 'COURSES', 'ACTIVE', '$2y$10$FutO1E4UylEBA2tdiYGGueANpSl13CdbuTRsr2ptwaOrg5p4wRYjS', '2026-01-27 21:58:48', '2026-01-27 21:58:48'),
(10, 'Kathia Daniela Pérez Bucio', 'kathiabucio@outlook.com', 'COURSES', 'ACTIVE', '$2y$10$48sM9Szs22HWMmoXG.HgMOph/JNK7.vDeqM8Yx.nAs8j2fDrIJtSK', '2026-01-27 22:00:17', '2026-01-27 22:00:17');

-- --------------------------------------------------------

--
-- Estructura de tabla para la tabla `user_roles`
--

CREATE TABLE `user_roles` (
  `user_id` int NOT NULL,
  `role` enum('ADMIN','COURSES','PARTICIPANTS','CERTIFICATES','READONLY') NOT NULL
) ENGINE=InnoDB DEFAULT CHARSET=utf8mb4 COLLATE=utf8mb4_0900_ai_ci;

--
-- Volcado de datos para la tabla `user_roles`
--

INSERT INTO `user_roles` (`user_id`, `role`) VALUES
(1, 'ADMIN'),
(1, 'COURSES'),
(1, 'PARTICIPANTS'),
(1, 'CERTIFICATES'),
(1, 'READONLY'),
(8, 'COURSES'),
(8, 'PARTICIPANTS'),
(8, 'CERTIFICATES'),
(9, 'COURSES'),
(9, 'PARTICIPANTS'),
(9, 'CERTIFICATES'),
(10, 'COURSES'),
(10, 'PARTICIPANTS'),
(10, 'CERTIFICATES');

--
-- Índices para tablas volcadas
--

--
-- Indices de la tabla `audit_logs`
--
ALTER TABLE `audit_logs`
  ADD PRIMARY KEY (`id`),
  ADD KEY `user_id` (`user_id`);

--
-- Indices de la tabla `certificates`
--
ALTER TABLE `certificates`
  ADD PRIMARY KEY (`id`),
  ADD UNIQUE KEY `token` (`token`),
  ADD KEY `participant_id` (`participant_id`),
  ADD KEY `course_id` (`course_id`);

--
-- Indices de la tabla `courses`
--
ALTER TABLE `courses`
  ADD PRIMARY KEY (`id`);

--
-- Indices de la tabla `participants`
--
ALTER TABLE `participants`
  ADD PRIMARY KEY (`id`);

--
-- Indices de la tabla `password_resets`
--
ALTER TABLE `password_resets`
  ADD PRIMARY KEY (`id`),
  ADD KEY `user_id` (`user_id`);

--
-- Indices de la tabla `users`
--
ALTER TABLE `users`
  ADD PRIMARY KEY (`id`),
  ADD UNIQUE KEY `email` (`email`);

--
-- Indices de la tabla `user_roles`
--
ALTER TABLE `user_roles`
  ADD PRIMARY KEY (`user_id`,`role`);

--
-- AUTO_INCREMENT de las tablas volcadas
--

--
-- AUTO_INCREMENT de la tabla `audit_logs`
--
ALTER TABLE `audit_logs`
  MODIFY `id` int NOT NULL AUTO_INCREMENT, AUTO_INCREMENT=529;

--
-- AUTO_INCREMENT de la tabla `certificates`
--
ALTER TABLE `certificates`
  MODIFY `id` int NOT NULL AUTO_INCREMENT, AUTO_INCREMENT=116;

--
-- AUTO_INCREMENT de la tabla `courses`
--
ALTER TABLE `courses`
  MODIFY `id` int NOT NULL AUTO_INCREMENT, AUTO_INCREMENT=11;

--
-- AUTO_INCREMENT de la tabla `participants`
--
ALTER TABLE `participants`
  MODIFY `id` int NOT NULL AUTO_INCREMENT, AUTO_INCREMENT=120;

--
-- AUTO_INCREMENT de la tabla `password_resets`
--
ALTER TABLE `password_resets`
  MODIFY `id` int NOT NULL AUTO_INCREMENT, AUTO_INCREMENT=50;

--
-- AUTO_INCREMENT de la tabla `users`
--
ALTER TABLE `users`
  MODIFY `id` int NOT NULL AUTO_INCREMENT, AUTO_INCREMENT=11;

--
-- Restricciones para tablas volcadas
--

--
-- Filtros para la tabla `audit_logs`
--
ALTER TABLE `audit_logs`
  ADD CONSTRAINT `audit_logs_ibfk_1` FOREIGN KEY (`user_id`) REFERENCES `users` (`id`);

--
-- Filtros para la tabla `certificates`
--
ALTER TABLE `certificates`
  ADD CONSTRAINT `certificates_ibfk_1` FOREIGN KEY (`participant_id`) REFERENCES `participants` (`id`) ON DELETE CASCADE,
  ADD CONSTRAINT `certificates_ibfk_2` FOREIGN KEY (`course_id`) REFERENCES `courses` (`id`) ON DELETE CASCADE;

--
-- Filtros para la tabla `password_resets`
--
ALTER TABLE `password_resets`
  ADD CONSTRAINT `password_resets_ibfk_1` FOREIGN KEY (`user_id`) REFERENCES `users` (`id`) ON DELETE CASCADE;

--
-- Filtros para la tabla `user_roles`
--
ALTER TABLE `user_roles`
  ADD CONSTRAINT `user_roles_ibfk_1` FOREIGN KEY (`user_id`) REFERENCES `users` (`id`) ON DELETE CASCADE;
COMMIT;

/*!40101 SET CHARACTER_SET_CLIENT=@OLD_CHARACTER_SET_CLIENT */;
/*!40101 SET CHARACTER_SET_RESULTS=@OLD_CHARACTER_SET_RESULTS */;
/*!40101 SET COLLATION_CONNECTION=@OLD_COLLATION_CONNECTION */;
